event,x,y,before,after,label,change,clouds
EMSR260_02VIADANA,0,0,"['/home/dkyselica/ravaen/EMSR260_02VIADANA/S2/2017-11-18.tif', '/home/dkyselica/ravaen/EMSR260_02VIADANA/S2/2017-11-30.tif', '/home/dkyselica/ravaen/EMSR260_02VIADANA/S2/2017-12-03.tif', '/home/dkyselica/ravaen/EMSR260_02VIADANA/S2/2017-12-05.tif']",/home/dkyselica/ravaen/EMSR260_02VIADANA/S2/2017-12-13.tif,/home/dkyselica/ravaen/EMSR260_02VIADANA/changes/2017-12-13.tif,0.0,0.0
EMSR260_02VIADANA,0,256,"['/home/dkyselica/ravaen/EMSR260_02VIADANA/S2/2017-11-18.tif', '/home/dkyselica/ravaen/EMSR260_02VIADANA/S2/2017-11-30.tif', '/home/dkyselica/ravaen/EMSR260_02VIADANA/S2/2017-12-03.tif', '/home/dkyselica/ravaen/EMSR260_02VIADANA/S2/2017-12-05.tif']",/home/dkyselica/ravaen/EMSR260_02VIADANA/S2/2017-12-13.tif,/home/dkyselica/ravaen/EMSR260_02VIADANA/changes/2017-12-13.tif,0.0,0.0
EMSR260_02VIADANA,0,512,"['/home/dkyselica/ravaen/EMSR260_02VIADANA/S2/2017-11-18.tif', '/home/dkyselica/ravaen/EMSR260_02VIADANA/S2/2017-11-30.tif', '/home/dkyselica/ravaen/EMSR260_02VIADANA/S2/2017-12-03.tif', '/home/dkyselica/ravaen/EMSR260_02VIADANA/S2/2017-12-05.tif']",/home/dkyselica/ravaen/EMSR260_02VIADANA/S2/2017-12-13.tif,/home/dkyselica/ravaen/EMSR260_02VIADANA/changes/2017-12-13.tif,0.0,0.0
EMSR260_02VIADANA,0,768,"['/home/dkyselica/ravaen/EMSR260_02VIADANA/S2/2017-11-18.tif', '/home/dkyselica/ravaen/EMSR260_02VIADANA/S2/2017-11-30.tif', '/home/dkyselica/ravaen/EMSR260_02VIADANA/S2/2017-12-03.tif', '/home/dkyselica/ravaen/EMSR260_02VIADANA/S2/2017-12-05.tif']",/home/dkyselica/ravaen/EMSR260_02VIADANA/S2/2017-12-13.tif,/home/dkyselica/ravaen/EMSR260_02VIADANA/changes/2017-12-13.tif,0.0513763427734375,0.0
EMSR260_02VIADANA,0,1024,"['/home/dkyselica/ravaen/EMSR260_02VIADANA/S2/2017-11-18.tif', '/home/dkyselica/ravaen/EMSR260_02VIADANA/S2/2017-11-30.tif', '/home/dkyselica/ravaen/EMSR260_02VIADANA/S2/2017-12-03.tif', '/home/dkyselica/ravaen/EMSR260_02VIADANA/S2/2017-12-05.tif']",/home/dkyselica/ravaen/EMSR260_02VIADANA/S2/2017-12-13.tif,/home/dkyselica/ravaen/EMSR260_02VIADANA/changes/2017-12-13.tif,0.061197916666666664,0.0
EMSR260_02VIADANA,256,0,"['/home/dkyselica/ravaen/EMSR260_02VIADANA/S2/2017-11-18.tif', '/home/dkyselica/ravaen/EMSR260_02VIADANA/S2/2017-11-30.tif', '/home/dkyselica/ravaen/EMSR260_02VIADANA/S2/2017-12-03.tif', '/home/dkyselica/ravaen/EMSR260_02VIADANA/S2/2017-12-05.tif']",/home/dkyselica/ravaen/EMSR260_02VIADANA/S2/2017-12-13.tif,/home/dkyselica/ravaen/EMSR260_02VIADANA/changes/2017-12-13.tif,0.1323394775390625,0.0
EMSR260_02VIADANA,256,256,"['/home/dkyselica/ravaen/EMSR260_02VIADANA/S2/2017-11-18.tif', '/home/dkyselica/ravaen/EMSR260_02VIADANA/S2/2017-11-30.tif', '/home/dkyselica/ravaen/EMSR260_02VIADANA/S2/2017-12-03.tif', '/home/dkyselica/ravaen/EMSR260_02VIADANA/S2/2017-12-05.tif']",/home/dkyselica/ravaen/EMSR260_02VIADANA/S2/2017-12-13.tif,/home/dkyselica/ravaen/EMSR260_02VIADANA/changes/2017-12-13.tif,0.0782623291015625,0.0
EMSR260_02VIADANA,256,512,"['/home/dkyselica/ravaen/EMSR260_02VIADANA/S2/2017-11-18.tif', '/home/dkyselica/ravaen/EMSR260_02VIADANA/S2/2017-11-30.tif', '/home/dkyselica/ravaen/EMSR260_02VIADANA/S2/2017-12-03.tif', '/home/dkyselica/ravaen/EMSR260_02VIADANA/S2/2017-12-05.tif']",/home/dkyselica/ravaen/EMSR260_02VIADANA/S2/2017-12-13.tif,/home/dkyselica/ravaen/EMSR260_02VIADANA/changes/2017-12-13.tif,0.06915283203125,0.0
EMSR260_02VIADANA,256,768,"['/home/dkyselica/ravaen/EMSR260_02VIADANA/S2/2017-11-18.tif', '/home/dkyselica/ravaen/EMSR260_02VIADANA/S2/2017-11-30.tif', '/home/dkyselica/ravaen/EMSR260_02VIADANA/S2/2017-12-03.tif', '/home/dkyselica/ravaen/EMSR260_02VIADANA/S2/2017-12-05.tif']",/home/dkyselica/ravaen/EMSR260_02VIADANA/S2/2017-12-13.tif,/home/dkyselica/ravaen/EMSR260_02VIADANA/changes/2017-12-13.tif,0.1561431884765625,0.0
EMSR260_02VIADANA,256,1024,"['/home/dkyselica/ravaen/EMSR260_02VIADANA/S2/2017-11-18.tif', '/home/dkyselica/ravaen/EMSR260_02VIADANA/S2/2017-11-30.tif', '/home/dkyselica/ravaen/EMSR260_02VIADANA/S2/2017-12-03.tif', '/home/dkyselica/ravaen/EMSR260_02VIADANA/S2/2017-12-05.tif']",/home/dkyselica/ravaen/EMSR260_02VIADANA/S2/2017-12-13.tif,/home/dkyselica/ravaen/EMSR260_02VIADANA/changes/2017-12-13.tif,0.0,0.0
EMSR260_02VIADANA,512,0,"['/home/dkyselica/ravaen/EMSR260_02VIADANA/S2/2017-11-18.tif', '/home/dkyselica/ravaen/EMSR260_02VIADANA/S2/2017-11-30.tif', '/home/dkyselica/ravaen/EMSR260_02VIADANA/S2/2017-12-03.tif', '/home/dkyselica/ravaen/EMSR260_02VIADANA/S2/2017-12-05.tif']",/home/dkyselica/ravaen/EMSR260_02VIADANA/S2/2017-12-13.tif,/home/dkyselica/ravaen/EMSR260_02VIADANA/changes/2017-12-13.tif,0.0134735107421875,0.0
EMSR260_02VIADANA,512,256,"['/home/dkyselica/ravaen/EMSR260_02VIADANA/S2/2017-11-18.tif', '/home/dkyselica/ravaen/EMSR260_02VIADANA/S2/2017-11-30.tif', '/home/dkyselica/ravaen/EMSR260_02VIADANA/S2/2017-12-03.tif', '/home/dkyselica/ravaen/EMSR260_02VIADANA/S2/2017-12-05.tif']",/home/dkyselica/ravaen/EMSR260_02VIADANA/S2/2017-12-13.tif,/home/dkyselica/ravaen/EMSR260_02VIADANA/changes/2017-12-13.tif,0.0467376708984375,0.0
EMSR260_02VIADANA,512,512,"['/home/dkyselica/ravaen/EMSR260_02VIADANA/S2/2017-11-18.tif', '/home/dkyselica/ravaen/EMSR260_02VIADANA/S2/2017-11-30.tif', '/home/dkyselica/ravaen/EMSR260_02VIADANA/S2/2017-12-03.tif', '/home/dkyselica/ravaen/EMSR260_02VIADANA/S2/2017-12-05.tif']",/home/dkyselica/ravaen/EMSR260_02VIADANA/S2/2017-12-13.tif,/home/dkyselica/ravaen/EMSR260_02VIADANA/changes/2017-12-13.tif,0.04498291015625,0.0
EMSR260_02VIADANA,512,768,"['/home/dkyselica/ravaen/EMSR260_02VIADANA/S2/2017-11-18.tif', '/home/dkyselica/ravaen/EMSR260_02VIADANA/S2/2017-11-30.tif', '/home/dkyselica/ravaen/EMSR260_02VIADANA/S2/2017-12-03.tif', '/home/dkyselica/ravaen/EMSR260_02VIADANA/S2/2017-12-05.tif']",/home/dkyselica/ravaen/EMSR260_02VIADANA/S2/2017-12-13.tif,/home/dkyselica/ravaen/EMSR260_02VIADANA/changes/2017-12-13.tif,0.0027008056640625,0.0
EMSR260_02VIADANA,512,1024,"['/home/dkyselica/ravaen/EMSR260_02VIADANA/S2/2017-11-18.tif', '/home/dkyselica/ravaen/EMSR260_02VIADANA/S2/2017-11-30.tif', '/home/dkyselica/ravaen/EMSR260_02VIADANA/S2/2017-12-03.tif', '/home/dkyselica/ravaen/EMSR260_02VIADANA/S2/2017-12-05.tif']",/home/dkyselica/ravaen/EMSR260_02VIADANA/S2/2017-12-13.tif,/home/dkyselica/ravaen/EMSR260_02VIADANA/changes/2017-12-13.tif,0.010416666666666666,0.0
EMSR260_02VIADANA,768,0,"['/home/dkyselica/ravaen/EMSR260_02VIADANA/S2/2017-11-18.tif', '/home/dkyselica/ravaen/EMSR260_02VIADANA/S2/2017-11-30.tif', '/home/dkyselica/ravaen/EMSR260_02VIADANA/S2/2017-12-03.tif', '/home/dkyselica/ravaen/EMSR260_02VIADANA/S2/2017-12-05.tif']",/home/dkyselica/ravaen/EMSR260_02VIADANA/S2/2017-12-13.tif,/home/dkyselica/ravaen/EMSR260_02VIADANA/changes/2017-12-13.tif,0.0,0.0
EMSR260_02VIADANA,768,256,"['/home/dkyselica/ravaen/EMSR260_02VIADANA/S2/2017-11-18.tif', '/home/dkyselica/ravaen/EMSR260_02VIADANA/S2/2017-11-30.tif', '/home/dkyselica/ravaen/EMSR260_02VIADANA/S2/2017-12-03.tif', '/home/dkyselica/ravaen/EMSR260_02VIADANA/S2/2017-12-05.tif']",/home/dkyselica/ravaen/EMSR260_02VIADANA/S2/2017-12-13.tif,/home/dkyselica/ravaen/EMSR260_02VIADANA/changes/2017-12-13.tif,0.031936813186813184,0.0
EMSR260_02VIADANA,768,512,"['/home/dkyselica/ravaen/EMSR260_02VIADANA/S2/2017-11-18.tif', '/home/dkyselica/ravaen/EMSR260_02VIADANA/S2/2017-11-30.tif', '/home/dkyselica/ravaen/EMSR260_02VIADANA/S2/2017-12-03.tif', '/home/dkyselica/ravaen/EMSR260_02VIADANA/S2/2017-12-05.tif']",/home/dkyselica/ravaen/EMSR260_02VIADANA/S2/2017-12-13.tif,/home/dkyselica/ravaen/EMSR260_02VIADANA/changes/2017-12-13.tif,0.032280219780219783,0.0
EMSR260_02VIADANA,768,768,"['/home/dkyselica/ravaen/EMSR260_02VIADANA/S2/2017-11-18.tif', '/home/dkyselica/ravaen/EMSR260_02VIADANA/S2/2017-11-30.tif', '/home/dkyselica/ravaen/EMSR260_02VIADANA/S2/2017-12-03.tif', '/home/dkyselica/ravaen/EMSR260_02VIADANA/S2/2017-12-05.tif']",/home/dkyselica/ravaen/EMSR260_02VIADANA/S2/2017-12-13.tif,/home/dkyselica/ravaen/EMSR260_02VIADANA/changes/2017-12-13.tif,0.027000343406593408,0.0
EMSR260_02VIADANA,768,1024,"['/home/dkyselica/ravaen/EMSR260_02VIADANA/S2/2017-11-18.tif', '/home/dkyselica/ravaen/EMSR260_02VIADANA/S2/2017-11-30.tif', '/home/dkyselica/ravaen/EMSR260_02VIADANA/S2/2017-12-03.tif', '/home/dkyselica/ravaen/EMSR260_02VIADANA/S2/2017-12-05.tif']",/home/dkyselica/ravaen/EMSR260_02VIADANA/S2/2017-12-13.tif,/home/dkyselica/ravaen/EMSR260_02VIADANA/changes/2017-12-13.tif,0.0,0.0
EMSR333_02PORTOPALO,0,0,"['/home/dkyselica/ravaen/EMSR333_02PORTOPALO/S2/2018-10-20.tif', '/home/dkyselica/ravaen/EMSR333_02PORTOPALO/S2/2018-10-23.tif', '/home/dkyselica/ravaen/EMSR333_02PORTOPALO/S2/2018-10-25.tif', '/home/dkyselica/ravaen/EMSR333_02PORTOPALO/S2/2018-10-30.tif']",/home/dkyselica/ravaen/EMSR333_02PORTOPALO/S2/2018-11-04.tif,/home/dkyselica/ravaen/EMSR333_02PORTOPALO/changes/2018-11-04.tif,0.0,0.2414093017578125
EMSR333_02PORTOPALO,0,256,"['/home/dkyselica/ravaen/EMSR333_02PORTOPALO/S2/2018-10-20.tif', '/home/dkyselica/ravaen/EMSR333_02PORTOPALO/S2/2018-10-23.tif', '/home/dkyselica/ravaen/EMSR333_02PORTOPALO/S2/2018-10-25.tif', '/home/dkyselica/ravaen/EMSR333_02PORTOPALO/S2/2018-10-30.tif']",/home/dkyselica/ravaen/EMSR333_02PORTOPALO/S2/2018-11-04.tif,/home/dkyselica/ravaen/EMSR333_02PORTOPALO/changes/2018-11-04.tif,0.0,0.1210174560546875
EMSR333_02PORTOPALO,0,512,"['/home/dkyselica/ravaen/EMSR333_02PORTOPALO/S2/2018-10-20.tif', '/home/dkyselica/ravaen/EMSR333_02PORTOPALO/S2/2018-10-23.tif', '/home/dkyselica/ravaen/EMSR333_02PORTOPALO/S2/2018-10-25.tif', '/home/dkyselica/ravaen/EMSR333_02PORTOPALO/S2/2018-10-30.tif']",/home/dkyselica/ravaen/EMSR333_02PORTOPALO/S2/2018-11-04.tif,/home/dkyselica/ravaen/EMSR333_02PORTOPALO/changes/2018-11-04.tif,0.0281982421875,0.1038055419921875
EMSR333_02PORTOPALO,0,768,"['/home/dkyselica/ravaen/EMSR333_02PORTOPALO/S2/2018-10-20.tif', '/home/dkyselica/ravaen/EMSR333_02PORTOPALO/S2/2018-10-23.tif', '/home/dkyselica/ravaen/EMSR333_02PORTOPALO/S2/2018-10-25.tif', '/home/dkyselica/ravaen/EMSR333_02PORTOPALO/S2/2018-10-30.tif']",/home/dkyselica/ravaen/EMSR333_02PORTOPALO/S2/2018-11-04.tif,/home/dkyselica/ravaen/EMSR333_02PORTOPALO/changes/2018-11-04.tif,0.0,0.283935546875
EMSR333_02PORTOPALO,0,1024,"['/home/dkyselica/ravaen/EMSR333_02PORTOPALO/S2/2018-10-20.tif', '/home/dkyselica/ravaen/EMSR333_02PORTOPALO/S2/2018-10-23.tif', '/home/dkyselica/ravaen/EMSR333_02PORTOPALO/S2/2018-10-25.tif', '/home/dkyselica/ravaen/EMSR333_02PORTOPALO/S2/2018-10-30.tif']",/home/dkyselica/ravaen/EMSR333_02PORTOPALO/S2/2018-11-04.tif,/home/dkyselica/ravaen/EMSR333_02PORTOPALO/changes/2018-11-04.tif,0.0,0.6092071533203125
EMSR333_02PORTOPALO,0,1280,"['/home/dkyselica/ravaen/EMSR333_02PORTOPALO/S2/2018-10-20.tif', '/home/dkyselica/ravaen/EMSR333_02PORTOPALO/S2/2018-10-23.tif', '/home/dkyselica/ravaen/EMSR333_02PORTOPALO/S2/2018-10-25.tif', '/home/dkyselica/ravaen/EMSR333_02PORTOPALO/S2/2018-10-30.tif']",/home/dkyselica/ravaen/EMSR333_02PORTOPALO/S2/2018-11-04.tif,/home/dkyselica/ravaen/EMSR333_02PORTOPALO/changes/2018-11-04.tif,0.0,0.650636687992126
EMSR333_02PORTOPALO,256,0,"['/home/dkyselica/ravaen/EMSR333_02PORTOPALO/S2/2018-10-20.tif', '/home/dkyselica/ravaen/EMSR333_02PORTOPALO/S2/2018-10-23.tif', '/home/dkyselica/ravaen/EMSR333_02PORTOPALO/S2/2018-10-25.tif', '/home/dkyselica/ravaen/EMSR333_02PORTOPALO/S2/2018-10-30.tif']",/home/dkyselica/ravaen/EMSR333_02PORTOPALO/S2/2018-11-04.tif,/home/dkyselica/ravaen/EMSR333_02PORTOPALO/changes/2018-11-04.tif,0.0,0.131683349609375
EMSR333_02PORTOPALO,256,256,"['/home/dkyselica/ravaen/EMSR333_02PORTOPALO/S2/2018-10-20.tif', '/home/dkyselica/ravaen/EMSR333_02PORTOPALO/S2/2018-10-23.tif', '/home/dkyselica/ravaen/EMSR333_02PORTOPALO/S2/2018-10-25.tif', '/home/dkyselica/ravaen/EMSR333_02PORTOPALO/S2/2018-10-30.tif']",/home/dkyselica/ravaen/EMSR333_02PORTOPALO/S2/2018-11-04.tif,/home/dkyselica/ravaen/EMSR333_02PORTOPALO/changes/2018-11-04.tif,0.0154266357421875,0.066070556640625
EMSR333_02PORTOPALO,256,512,"['/home/dkyselica/ravaen/EMSR333_02PORTOPALO/S2/2018-10-20.tif', '/home/dkyselica/ravaen/EMSR333_02PORTOPALO/S2/2018-10-23.tif', '/home/dkyselica/ravaen/EMSR333_02PORTOPALO/S2/2018-10-25.tif', '/home/dkyselica/ravaen/EMSR333_02PORTOPALO/S2/2018-10-30.tif']",/home/dkyselica/ravaen/EMSR333_02PORTOPALO/S2/2018-11-04.tif,/home/dkyselica/ravaen/EMSR333_02PORTOPALO/changes/2018-11-04.tif,0.03350830078125,0.041717529296875
EMSR333_02PORTOPALO,256,768,"['/home/dkyselica/ravaen/EMSR333_02PORTOPALO/S2/2018-10-20.tif', '/home/dkyselica/ravaen/EMSR333_02PORTOPALO/S2/2018-10-23.tif', '/home/dkyselica/ravaen/EMSR333_02PORTOPALO/S2/2018-10-25.tif', '/home/dkyselica/ravaen/EMSR333_02PORTOPALO/S2/2018-10-30.tif']",/home/dkyselica/ravaen/EMSR333_02PORTOPALO/S2/2018-11-04.tif,/home/dkyselica/ravaen/EMSR333_02PORTOPALO/changes/2018-11-04.tif,0.0,0.001373291015625
EMSR333_02PORTOPALO,256,1024,"['/home/dkyselica/ravaen/EMSR333_02PORTOPALO/S2/2018-10-20.tif', '/home/dkyselica/ravaen/EMSR333_02PORTOPALO/S2/2018-10-23.tif', '/home/dkyselica/ravaen/EMSR333_02PORTOPALO/S2/2018-10-25.tif', '/home/dkyselica/ravaen/EMSR333_02PORTOPALO/S2/2018-10-30.tif']",/home/dkyselica/ravaen/EMSR333_02PORTOPALO/S2/2018-11-04.tif,/home/dkyselica/ravaen/EMSR333_02PORTOPALO/changes/2018-11-04.tif,0.0,0.7778472900390625
EMSR333_02PORTOPALO,256,1280,"['/home/dkyselica/ravaen/EMSR333_02PORTOPALO/S2/2018-10-20.tif', '/home/dkyselica/ravaen/EMSR333_02PORTOPALO/S2/2018-10-23.tif', '/home/dkyselica/ravaen/EMSR333_02PORTOPALO/S2/2018-10-25.tif', '/home/dkyselica/ravaen/EMSR333_02PORTOPALO/S2/2018-10-30.tif']",/home/dkyselica/ravaen/EMSR333_02PORTOPALO/S2/2018-11-04.tif,/home/dkyselica/ravaen/EMSR333_02PORTOPALO/changes/2018-11-04.tif,0.0,0.9687961368110236
EMSR333_02PORTOPALO,512,0,"['/home/dkyselica/ravaen/EMSR333_02PORTOPALO/S2/2018-10-20.tif', '/home/dkyselica/ravaen/EMSR333_02PORTOPALO/S2/2018-10-23.tif', '/home/dkyselica/ravaen/EMSR333_02PORTOPALO/S2/2018-10-25.tif', '/home/dkyselica/ravaen/EMSR333_02PORTOPALO/S2/2018-10-30.tif']",/home/dkyselica/ravaen/EMSR333_02PORTOPALO/S2/2018-11-04.tif,/home/dkyselica/ravaen/EMSR333_02PORTOPALO/changes/2018-11-04.tif,0.0,0.110382080078125
EMSR333_02PORTOPALO,512,256,"['/home/dkyselica/ravaen/EMSR333_02PORTOPALO/S2/2018-10-20.tif', '/home/dkyselica/ravaen/EMSR333_02PORTOPALO/S2/2018-10-23.tif', '/home/dkyselica/ravaen/EMSR333_02PORTOPALO/S2/2018-10-25.tif', '/home/dkyselica/ravaen/EMSR333_02PORTOPALO/S2/2018-10-30.tif']",/home/dkyselica/ravaen/EMSR333_02PORTOPALO/S2/2018-11-04.tif,/home/dkyselica/ravaen/EMSR333_02PORTOPALO/changes/2018-11-04.tif,0.0799407958984375,0.0009002685546875
EMSR333_02PORTOPALO,512,512,"['/home/dkyselica/ravaen/EMSR333_02PORTOPALO/S2/2018-10-20.tif', '/home/dkyselica/ravaen/EMSR333_02PORTOPALO/S2/2018-10-23.tif', '/home/dkyselica/ravaen/EMSR333_02PORTOPALO/S2/2018-10-25.tif', '/home/dkyselica/ravaen/EMSR333_02PORTOPALO/S2/2018-10-30.tif']",/home/dkyselica/ravaen/EMSR333_02PORTOPALO/S2/2018-11-04.tif,/home/dkyselica/ravaen/EMSR333_02PORTOPALO/changes/2018-11-04.tif,0.0,0.1412353515625
EMSR333_02PORTOPALO,512,768,"['/home/dkyselica/ravaen/EMSR333_02PORTOPALO/S2/2018-10-20.tif', '/home/dkyselica/ravaen/EMSR333_02PORTOPALO/S2/2018-10-23.tif', '/home/dkyselica/ravaen/EMSR333_02PORTOPALO/S2/2018-10-25.tif', '/home/dkyselica/ravaen/EMSR333_02PORTOPALO/S2/2018-10-30.tif']",/home/dkyselica/ravaen/EMSR333_02PORTOPALO/S2/2018-11-04.tif,/home/dkyselica/ravaen/EMSR333_02PORTOPALO/changes/2018-11-04.tif,0.0,0.0092926025390625
EMSR333_02PORTOPALO,512,1024,"['/home/dkyselica/ravaen/EMSR333_02PORTOPALO/S2/2018-10-20.tif', '/home/dkyselica/ravaen/EMSR333_02PORTOPALO/S2/2018-10-23.tif', '/home/dkyselica/ravaen/EMSR333_02PORTOPALO/S2/2018-10-25.tif', '/home/dkyselica/ravaen/EMSR333_02PORTOPALO/S2/2018-10-30.tif']",/home/dkyselica/ravaen/EMSR333_02PORTOPALO/S2/2018-11-04.tif,/home/dkyselica/ravaen/EMSR333_02PORTOPALO/changes/2018-11-04.tif,0.0,0.3882293701171875
EMSR333_02PORTOPALO,512,1280,"['/home/dkyselica/ravaen/EMSR333_02PORTOPALO/S2/2018-10-20.tif', '/home/dkyselica/ravaen/EMSR333_02PORTOPALO/S2/2018-10-23.tif', '/home/dkyselica/ravaen/EMSR333_02PORTOPALO/S2/2018-10-25.tif', '/home/dkyselica/ravaen/EMSR333_02PORTOPALO/S2/2018-10-30.tif']",/home/dkyselica/ravaen/EMSR333_02PORTOPALO/S2/2018-11-04.tif,/home/dkyselica/ravaen/EMSR333_02PORTOPALO/changes/2018-11-04.tif,0.0,0.8967458169291339
EMSR333_02PORTOPALO,768,0,"['/home/dkyselica/ravaen/EMSR333_02PORTOPALO/S2/2018-10-20.tif', '/home/dkyselica/ravaen/EMSR333_02PORTOPALO/S2/2018-10-23.tif', '/home/dkyselica/ravaen/EMSR333_02PORTOPALO/S2/2018-10-25.tif', '/home/dkyselica/ravaen/EMSR333_02PORTOPALO/S2/2018-10-30.tif']",/home/dkyselica/ravaen/EMSR333_02PORTOPALO/S2/2018-11-04.tif,/home/dkyselica/ravaen/EMSR333_02PORTOPALO/changes/2018-11-04.tif,0.1345977783203125,0.0
EMSR333_02PORTOPALO,768,256,"['/home/dkyselica/ravaen/EMSR333_02PORTOPALO/S2/2018-10-20.tif', '/home/dkyselica/ravaen/EMSR333_02PORTOPALO/S2/2018-10-23.tif', '/home/dkyselica/ravaen/EMSR333_02PORTOPALO/S2/2018-10-25.tif', '/home/dkyselica/ravaen/EMSR333_02PORTOPALO/S2/2018-10-30.tif']",/home/dkyselica/ravaen/EMSR333_02PORTOPALO/S2/2018-11-04.tif,/home/dkyselica/ravaen/EMSR333_02PORTOPALO/changes/2018-11-04.tif,0.0943450927734375,0.0161895751953125
EMSR333_02PORTOPALO,768,512,"['/home/dkyselica/ravaen/EMSR333_02PORTOPALO/S2/2018-10-20.tif', '/home/dkyselica/ravaen/EMSR333_02PORTOPALO/S2/2018-10-23.tif', '/home/dkyselica/ravaen/EMSR333_02PORTOPALO/S2/2018-10-25.tif', '/home/dkyselica/ravaen/EMSR333_02PORTOPALO/S2/2018-10-30.tif']",/home/dkyselica/ravaen/EMSR333_02PORTOPALO/S2/2018-11-04.tif,/home/dkyselica/ravaen/EMSR333_02PORTOPALO/changes/2018-11-04.tif,0.0,0.060333251953125
EMSR333_02PORTOPALO,768,768,"['/home/dkyselica/ravaen/EMSR333_02PORTOPALO/S2/2018-10-20.tif', '/home/dkyselica/ravaen/EMSR333_02PORTOPALO/S2/2018-10-23.tif', '/home/dkyselica/ravaen/EMSR333_02PORTOPALO/S2/2018-10-25.tif', '/home/dkyselica/ravaen/EMSR333_02PORTOPALO/S2/2018-10-30.tif']",/home/dkyselica/ravaen/EMSR333_02PORTOPALO/S2/2018-11-04.tif,/home/dkyselica/ravaen/EMSR333_02PORTOPALO/changes/2018-11-04.tif,0.0,0.0262603759765625
EMSR333_02PORTOPALO,768,1024,"['/home/dkyselica/ravaen/EMSR333_02PORTOPALO/S2/2018-10-20.tif', '/home/dkyselica/ravaen/EMSR333_02PORTOPALO/S2/2018-10-23.tif', '/home/dkyselica/ravaen/EMSR333_02PORTOPALO/S2/2018-10-25.tif', '/home/dkyselica/ravaen/EMSR333_02PORTOPALO/S2/2018-10-30.tif']",/home/dkyselica/ravaen/EMSR333_02PORTOPALO/S2/2018-11-04.tif,/home/dkyselica/ravaen/EMSR333_02PORTOPALO/changes/2018-11-04.tif,0.0,0.1905517578125
EMSR333_02PORTOPALO,768,1280,"['/home/dkyselica/ravaen/EMSR333_02PORTOPALO/S2/2018-10-20.tif', '/home/dkyselica/ravaen/EMSR333_02PORTOPALO/S2/2018-10-23.tif', '/home/dkyselica/ravaen/EMSR333_02PORTOPALO/S2/2018-10-25.tif', '/home/dkyselica/ravaen/EMSR333_02PORTOPALO/S2/2018-10-30.tif']",/home/dkyselica/ravaen/EMSR333_02PORTOPALO/S2/2018-11-04.tif,/home/dkyselica/ravaen/EMSR333_02PORTOPALO/changes/2018-11-04.tif,0.0,0.440068282480315
EMSR333_02PORTOPALO,1024,0,"['/home/dkyselica/ravaen/EMSR333_02PORTOPALO/S2/2018-10-20.tif', '/home/dkyselica/ravaen/EMSR333_02PORTOPALO/S2/2018-10-23.tif', '/home/dkyselica/ravaen/EMSR333_02PORTOPALO/S2/2018-10-25.tif', '/home/dkyselica/ravaen/EMSR333_02PORTOPALO/S2/2018-10-30.tif']",/home/dkyselica/ravaen/EMSR333_02PORTOPALO/S2/2018-11-04.tif,/home/dkyselica/ravaen/EMSR333_02PORTOPALO/changes/2018-11-04.tif,0.306610107421875,0.0
EMSR333_02PORTOPALO,1024,256,"['/home/dkyselica/ravaen/EMSR333_02PORTOPALO/S2/2018-10-20.tif', '/home/dkyselica/ravaen/EMSR333_02PORTOPALO/S2/2018-10-23.tif', '/home/dkyselica/ravaen/EMSR333_02PORTOPALO/S2/2018-10-25.tif', '/home/dkyselica/ravaen/EMSR333_02PORTOPALO/S2/2018-10-30.tif']",/home/dkyselica/ravaen/EMSR333_02PORTOPALO/S2/2018-11-04.tif,/home/dkyselica/ravaen/EMSR333_02PORTOPALO/changes/2018-11-04.tif,0.1481781005859375,0.033203125
EMSR333_02PORTOPALO,1024,512,"['/home/dkyselica/ravaen/EMSR333_02PORTOPALO/S2/2018-10-20.tif', '/home/dkyselica/ravaen/EMSR333_02PORTOPALO/S2/2018-10-23.tif', '/home/dkyselica/ravaen/EMSR333_02PORTOPALO/S2/2018-10-25.tif', '/home/dkyselica/ravaen/EMSR333_02PORTOPALO/S2/2018-10-30.tif']",/home/dkyselica/ravaen/EMSR333_02PORTOPALO/S2/2018-11-04.tif,/home/dkyselica/ravaen/EMSR333_02PORTOPALO/changes/2018-11-04.tif,0.0,0.0069122314453125
EMSR333_02PORTOPALO,1024,768,"['/home/dkyselica/ravaen/EMSR333_02PORTOPALO/S2/2018-10-20.tif', '/home/dkyselica/ravaen/EMSR333_02PORTOPALO/S2/2018-10-23.tif', '/home/dkyselica/ravaen/EMSR333_02PORTOPALO/S2/2018-10-25.tif', '/home/dkyselica/ravaen/EMSR333_02PORTOPALO/S2/2018-10-30.tif']",/home/dkyselica/ravaen/EMSR333_02PORTOPALO/S2/2018-11-04.tif,/home/dkyselica/ravaen/EMSR333_02PORTOPALO/changes/2018-11-04.tif,0.0,0.0335540771484375
EMSR333_02PORTOPALO,1024,1024,"['/home/dkyselica/ravaen/EMSR333_02PORTOPALO/S2/2018-10-20.tif', '/home/dkyselica/ravaen/EMSR333_02PORTOPALO/S2/2018-10-23.tif', '/home/dkyselica/ravaen/EMSR333_02PORTOPALO/S2/2018-10-25.tif', '/home/dkyselica/ravaen/EMSR333_02PORTOPALO/S2/2018-10-30.tif']",/home/dkyselica/ravaen/EMSR333_02PORTOPALO/S2/2018-11-04.tif,/home/dkyselica/ravaen/EMSR333_02PORTOPALO/changes/2018-11-04.tif,0.0,0.1806488037109375
EMSR333_02PORTOPALO,1024,1280,"['/home/dkyselica/ravaen/EMSR333_02PORTOPALO/S2/2018-10-20.tif', '/home/dkyselica/ravaen/EMSR333_02PORTOPALO/S2/2018-10-23.tif', '/home/dkyselica/ravaen/EMSR333_02PORTOPALO/S2/2018-10-25.tif', '/home/dkyselica/ravaen/EMSR333_02PORTOPALO/S2/2018-10-30.tif']",/home/dkyselica/ravaen/EMSR333_02PORTOPALO/S2/2018-11-04.tif,/home/dkyselica/ravaen/EMSR333_02PORTOPALO/changes/2018-11-04.tif,0.0,0.28718626968503935
EMSR333_02PORTOPALO,1280,0,"['/home/dkyselica/ravaen/EMSR333_02PORTOPALO/S2/2018-10-20.tif', '/home/dkyselica/ravaen/EMSR333_02PORTOPALO/S2/2018-10-23.tif', '/home/dkyselica/ravaen/EMSR333_02PORTOPALO/S2/2018-10-25.tif', '/home/dkyselica/ravaen/EMSR333_02PORTOPALO/S2/2018-10-30.tif']",/home/dkyselica/ravaen/EMSR333_02PORTOPALO/S2/2018-11-04.tif,/home/dkyselica/ravaen/EMSR333_02PORTOPALO/changes/2018-11-04.tif,0.25590643825301207,0.043627635542168676
EMSR333_02PORTOPALO,1280,256,"['/home/dkyselica/ravaen/EMSR333_02PORTOPALO/S2/2018-10-20.tif', '/home/dkyselica/ravaen/EMSR333_02PORTOPALO/S2/2018-10-23.tif', '/home/dkyselica/ravaen/EMSR333_02PORTOPALO/S2/2018-10-25.tif', '/home/dkyselica/ravaen/EMSR333_02PORTOPALO/S2/2018-10-30.tif']",/home/dkyselica/ravaen/EMSR333_02PORTOPALO/S2/2018-11-04.tif,/home/dkyselica/ravaen/EMSR333_02PORTOPALO/changes/2018-11-04.tif,0.20183076054216867,0.13205948795180722
EMSR333_02PORTOPALO,1280,512,"['/home/dkyselica/ravaen/EMSR333_02PORTOPALO/S2/2018-10-20.tif', '/home/dkyselica/ravaen/EMSR333_02PORTOPALO/S2/2018-10-23.tif', '/home/dkyselica/ravaen/EMSR333_02PORTOPALO/S2/2018-10-25.tif', '/home/dkyselica/ravaen/EMSR333_02PORTOPALO/S2/2018-10-30.tif']",/home/dkyselica/ravaen/EMSR333_02PORTOPALO/S2/2018-11-04.tif,/home/dkyselica/ravaen/EMSR333_02PORTOPALO/changes/2018-11-04.tif,0.29270990210843373,0.08624341114457831
EMSR333_02PORTOPALO,1280,768,"['/home/dkyselica/ravaen/EMSR333_02PORTOPALO/S2/2018-10-20.tif', '/home/dkyselica/ravaen/EMSR333_02PORTOPALO/S2/2018-10-23.tif', '/home/dkyselica/ravaen/EMSR333_02PORTOPALO/S2/2018-10-25.tif', '/home/dkyselica/ravaen/EMSR333_02PORTOPALO/S2/2018-10-30.tif']",/home/dkyselica/ravaen/EMSR333_02PORTOPALO/S2/2018-11-04.tif,/home/dkyselica/ravaen/EMSR333_02PORTOPALO/changes/2018-11-04.tif,0.11645801957831325,0.005812311746987952
EMSR333_02PORTOPALO,1280,1024,"['/home/dkyselica/ravaen/EMSR333_02PORTOPALO/S2/2018-10-20.tif', '/home/dkyselica/ravaen/EMSR333_02PORTOPALO/S2/2018-10-23.tif', '/home/dkyselica/ravaen/EMSR333_02PORTOPALO/S2/2018-10-25.tif', '/home/dkyselica/ravaen/EMSR333_02PORTOPALO/S2/2018-10-30.tif']",/home/dkyselica/ravaen/EMSR333_02PORTOPALO/S2/2018-11-04.tif,/home/dkyselica/ravaen/EMSR333_02PORTOPALO/changes/2018-11-04.tif,0.0,0.06374717620481928
EMSR333_02PORTOPALO,1280,1280,"['/home/dkyselica/ravaen/EMSR333_02PORTOPALO/S2/2018-10-20.tif', '/home/dkyselica/ravaen/EMSR333_02PORTOPALO/S2/2018-10-23.tif', '/home/dkyselica/ravaen/EMSR333_02PORTOPALO/S2/2018-10-25.tif', '/home/dkyselica/ravaen/EMSR333_02PORTOPALO/S2/2018-10-30.tif']",/home/dkyselica/ravaen/EMSR333_02PORTOPALO/S2/2018-11-04.tif,/home/dkyselica/ravaen/EMSR333_02PORTOPALO/changes/2018-11-04.tif,0.0,0.1922730291243715
EMSR271_02FARKADONA,0,0,"['/home/dkyselica/ravaen/EMSR271_02FARKADONA/S2/2017-12-30.tif', '/home/dkyselica/ravaen/EMSR271_02FARKADONA/S2/2018-01-19.tif', '/home/dkyselica/ravaen/EMSR271_02FARKADONA/S2/2018-01-29.tif', '/home/dkyselica/ravaen/EMSR271_02FARKADONA/S2/2018-02-08.tif']",/home/dkyselica/ravaen/EMSR271_02FARKADONA/S2/2018-02-28.tif,/home/dkyselica/ravaen/EMSR271_02FARKADONA/changes/2018-02-28.tif,0.0030670166015625,0.0
EMSR271_02FARKADONA,0,256,"['/home/dkyselica/ravaen/EMSR271_02FARKADONA/S2/2017-12-30.tif', '/home/dkyselica/ravaen/EMSR271_02FARKADONA/S2/2018-01-19.tif', '/home/dkyselica/ravaen/EMSR271_02FARKADONA/S2/2018-01-29.tif', '/home/dkyselica/ravaen/EMSR271_02FARKADONA/S2/2018-02-08.tif']",/home/dkyselica/ravaen/EMSR271_02FARKADONA/S2/2018-02-28.tif,/home/dkyselica/ravaen/EMSR271_02FARKADONA/changes/2018-02-28.tif,0.006744384765625,0.0
EMSR271_02FARKADONA,0,512,"['/home/dkyselica/ravaen/EMSR271_02FARKADONA/S2/2017-12-30.tif', '/home/dkyselica/ravaen/EMSR271_02FARKADONA/S2/2018-01-19.tif', '/home/dkyselica/ravaen/EMSR271_02FARKADONA/S2/2018-01-29.tif', '/home/dkyselica/ravaen/EMSR271_02FARKADONA/S2/2018-02-08.tif']",/home/dkyselica/ravaen/EMSR271_02FARKADONA/S2/2018-02-28.tif,/home/dkyselica/ravaen/EMSR271_02FARKADONA/changes/2018-02-28.tif,0.0,0.0
EMSR271_02FARKADONA,0,768,"['/home/dkyselica/ravaen/EMSR271_02FARKADONA/S2/2017-12-30.tif', '/home/dkyselica/ravaen/EMSR271_02FARKADONA/S2/2018-01-19.tif', '/home/dkyselica/ravaen/EMSR271_02FARKADONA/S2/2018-01-29.tif', '/home/dkyselica/ravaen/EMSR271_02FARKADONA/S2/2018-02-08.tif']",/home/dkyselica/ravaen/EMSR271_02FARKADONA/S2/2018-02-28.tif,/home/dkyselica/ravaen/EMSR271_02FARKADONA/changes/2018-02-28.tif,0.0101318359375,0.0
EMSR271_02FARKADONA,0,1024,"['/home/dkyselica/ravaen/EMSR271_02FARKADONA/S2/2017-12-30.tif', '/home/dkyselica/ravaen/EMSR271_02FARKADONA/S2/2018-01-19.tif', '/home/dkyselica/ravaen/EMSR271_02FARKADONA/S2/2018-01-29.tif', '/home/dkyselica/ravaen/EMSR271_02FARKADONA/S2/2018-02-08.tif']",/home/dkyselica/ravaen/EMSR271_02FARKADONA/S2/2018-02-28.tif,/home/dkyselica/ravaen/EMSR271_02FARKADONA/changes/2018-02-28.tif,0.0,0.0
EMSR271_02FARKADONA,0,1280,"['/home/dkyselica/ravaen/EMSR271_02FARKADONA/S2/2017-12-30.tif', '/home/dkyselica/ravaen/EMSR271_02FARKADONA/S2/2018-01-19.tif', '/home/dkyselica/ravaen/EMSR271_02FARKADONA/S2/2018-01-29.tif', '/home/dkyselica/ravaen/EMSR271_02FARKADONA/S2/2018-02-08.tif']",/home/dkyselica/ravaen/EMSR271_02FARKADONA/S2/2018-02-28.tif,/home/dkyselica/ravaen/EMSR271_02FARKADONA/changes/2018-02-28.tif,0.0,0.0
EMSR271_02FARKADONA,0,1536,"['/home/dkyselica/ravaen/EMSR271_02FARKADONA/S2/2017-12-30.tif', '/home/dkyselica/ravaen/EMSR271_02FARKADONA/S2/2018-01-19.tif', '/home/dkyselica/ravaen/EMSR271_02FARKADONA/S2/2018-01-29.tif', '/home/dkyselica/ravaen/EMSR271_02FARKADONA/S2/2018-02-08.tif']",/home/dkyselica/ravaen/EMSR271_02FARKADONA/S2/2018-02-28.tif,/home/dkyselica/ravaen/EMSR271_02FARKADONA/changes/2018-02-28.tif,0.0,0.0
EMSR271_02FARKADONA,0,1792,"['/home/dkyselica/ravaen/EMSR271_02FARKADONA/S2/2017-12-30.tif', '/home/dkyselica/ravaen/EMSR271_02FARKADONA/S2/2018-01-19.tif', '/home/dkyselica/ravaen/EMSR271_02FARKADONA/S2/2018-01-29.tif', '/home/dkyselica/ravaen/EMSR271_02FARKADONA/S2/2018-02-08.tif']",/home/dkyselica/ravaen/EMSR271_02FARKADONA/S2/2018-02-28.tif,/home/dkyselica/ravaen/EMSR271_02FARKADONA/changes/2018-02-28.tif,0.0,0.0
EMSR271_02FARKADONA,0,2048,"['/home/dkyselica/ravaen/EMSR271_02FARKADONA/S2/2017-12-30.tif', '/home/dkyselica/ravaen/EMSR271_02FARKADONA/S2/2018-01-19.tif', '/home/dkyselica/ravaen/EMSR271_02FARKADONA/S2/2018-01-29.tif', '/home/dkyselica/ravaen/EMSR271_02FARKADONA/S2/2018-02-08.tif']",/home/dkyselica/ravaen/EMSR271_02FARKADONA/S2/2018-02-28.tif,/home/dkyselica/ravaen/EMSR271_02FARKADONA/changes/2018-02-28.tif,0.0,0.0296478271484375
EMSR271_02FARKADONA,0,2304,"['/home/dkyselica/ravaen/EMSR271_02FARKADONA/S2/2017-12-30.tif', '/home/dkyselica/ravaen/EMSR271_02FARKADONA/S2/2018-01-19.tif', '/home/dkyselica/ravaen/EMSR271_02FARKADONA/S2/2018-01-29.tif', '/home/dkyselica/ravaen/EMSR271_02FARKADONA/S2/2018-02-08.tif']",/home/dkyselica/ravaen/EMSR271_02FARKADONA/S2/2018-02-28.tif,/home/dkyselica/ravaen/EMSR271_02FARKADONA/changes/2018-02-28.tif,0.0572662353515625,0.002777099609375
EMSR271_02FARKADONA,0,2560,"['/home/dkyselica/ravaen/EMSR271_02FARKADONA/S2/2017-12-30.tif', '/home/dkyselica/ravaen/EMSR271_02FARKADONA/S2/2018-01-19.tif', '/home/dkyselica/ravaen/EMSR271_02FARKADONA/S2/2018-01-29.tif', '/home/dkyselica/ravaen/EMSR271_02FARKADONA/S2/2018-02-08.tif']",/home/dkyselica/ravaen/EMSR271_02FARKADONA/S2/2018-02-28.tif,/home/dkyselica/ravaen/EMSR271_02FARKADONA/changes/2018-02-28.tif,0.0,0.02621299342105263
EMSR271_02FARKADONA,256,0,"['/home/dkyselica/ravaen/EMSR271_02FARKADONA/S2/2017-12-30.tif', '/home/dkyselica/ravaen/EMSR271_02FARKADONA/S2/2018-01-19.tif', '/home/dkyselica/ravaen/EMSR271_02FARKADONA/S2/2018-01-29.tif', '/home/dkyselica/ravaen/EMSR271_02FARKADONA/S2/2018-02-08.tif']",/home/dkyselica/ravaen/EMSR271_02FARKADONA/S2/2018-02-28.tif,/home/dkyselica/ravaen/EMSR271_02FARKADONA/changes/2018-02-28.tif,0.0111541748046875,0.0
EMSR271_02FARKADONA,256,256,"['/home/dkyselica/ravaen/EMSR271_02FARKADONA/S2/2017-12-30.tif', '/home/dkyselica/ravaen/EMSR271_02FARKADONA/S2/2018-01-19.tif', '/home/dkyselica/ravaen/EMSR271_02FARKADONA/S2/2018-01-29.tif', '/home/dkyselica/ravaen/EMSR271_02FARKADONA/S2/2018-02-08.tif']",/home/dkyselica/ravaen/EMSR271_02FARKADONA/S2/2018-02-28.tif,/home/dkyselica/ravaen/EMSR271_02FARKADONA/changes/2018-02-28.tif,0.012908935546875,0.0
EMSR271_02FARKADONA,256,512,"['/home/dkyselica/ravaen/EMSR271_02FARKADONA/S2/2017-12-30.tif', '/home/dkyselica/ravaen/EMSR271_02FARKADONA/S2/2018-01-19.tif', '/home/dkyselica/ravaen/EMSR271_02FARKADONA/S2/2018-01-29.tif', '/home/dkyselica/ravaen/EMSR271_02FARKADONA/S2/2018-02-08.tif']",/home/dkyselica/ravaen/EMSR271_02FARKADONA/S2/2018-02-28.tif,/home/dkyselica/ravaen/EMSR271_02FARKADONA/changes/2018-02-28.tif,0.0,0.0
EMSR271_02FARKADONA,256,768,"['/home/dkyselica/ravaen/EMSR271_02FARKADONA/S2/2017-12-30.tif', '/home/dkyselica/ravaen/EMSR271_02FARKADONA/S2/2018-01-19.tif', '/home/dkyselica/ravaen/EMSR271_02FARKADONA/S2/2018-01-29.tif', '/home/dkyselica/ravaen/EMSR271_02FARKADONA/S2/2018-02-08.tif']",/home/dkyselica/ravaen/EMSR271_02FARKADONA/S2/2018-02-28.tif,/home/dkyselica/ravaen/EMSR271_02FARKADONA/changes/2018-02-28.tif,0.0082550048828125,0.0
EMSR271_02FARKADONA,256,1024,"['/home/dkyselica/ravaen/EMSR271_02FARKADONA/S2/2017-12-30.tif', '/home/dkyselica/ravaen/EMSR271_02FARKADONA/S2/2018-01-19.tif', '/home/dkyselica/ravaen/EMSR271_02FARKADONA/S2/2018-01-29.tif', '/home/dkyselica/ravaen/EMSR271_02FARKADONA/S2/2018-02-08.tif']",/home/dkyselica/ravaen/EMSR271_02FARKADONA/S2/2018-02-28.tif,/home/dkyselica/ravaen/EMSR271_02FARKADONA/changes/2018-02-28.tif,0.0,0.0
EMSR271_02FARKADONA,256,1280,"['/home/dkyselica/ravaen/EMSR271_02FARKADONA/S2/2017-12-30.tif', '/home/dkyselica/ravaen/EMSR271_02FARKADONA/S2/2018-01-19.tif', '/home/dkyselica/ravaen/EMSR271_02FARKADONA/S2/2018-01-29.tif', '/home/dkyselica/ravaen/EMSR271_02FARKADONA/S2/2018-02-08.tif']",/home/dkyselica/ravaen/EMSR271_02FARKADONA/S2/2018-02-28.tif,/home/dkyselica/ravaen/EMSR271_02FARKADONA/changes/2018-02-28.tif,0.0,0.0
EMSR271_02FARKADONA,256,1536,"['/home/dkyselica/ravaen/EMSR271_02FARKADONA/S2/2017-12-30.tif', '/home/dkyselica/ravaen/EMSR271_02FARKADONA/S2/2018-01-19.tif', '/home/dkyselica/ravaen/EMSR271_02FARKADONA/S2/2018-01-29.tif', '/home/dkyselica/ravaen/EMSR271_02FARKADONA/S2/2018-02-08.tif']",/home/dkyselica/ravaen/EMSR271_02FARKADONA/S2/2018-02-28.tif,/home/dkyselica/ravaen/EMSR271_02FARKADONA/changes/2018-02-28.tif,0.0,0.0
EMSR271_02FARKADONA,256,1792,"['/home/dkyselica/ravaen/EMSR271_02FARKADONA/S2/2017-12-30.tif', '/home/dkyselica/ravaen/EMSR271_02FARKADONA/S2/2018-01-19.tif', '/home/dkyselica/ravaen/EMSR271_02FARKADONA/S2/2018-01-29.tif', '/home/dkyselica/ravaen/EMSR271_02FARKADONA/S2/2018-02-08.tif']",/home/dkyselica/ravaen/EMSR271_02FARKADONA/S2/2018-02-28.tif,/home/dkyselica/ravaen/EMSR271_02FARKADONA/changes/2018-02-28.tif,0.0,0.0
EMSR271_02FARKADONA,256,2048,"['/home/dkyselica/ravaen/EMSR271_02FARKADONA/S2/2017-12-30.tif', '/home/dkyselica/ravaen/EMSR271_02FARKADONA/S2/2018-01-19.tif', '/home/dkyselica/ravaen/EMSR271_02FARKADONA/S2/2018-01-29.tif', '/home/dkyselica/ravaen/EMSR271_02FARKADONA/S2/2018-02-08.tif']",/home/dkyselica/ravaen/EMSR271_02FARKADONA/S2/2018-02-28.tif,/home/dkyselica/ravaen/EMSR271_02FARKADONA/changes/2018-02-28.tif,0.0,0.0352783203125
EMSR271_02FARKADONA,256,2304,"['/home/dkyselica/ravaen/EMSR271_02FARKADONA/S2/2017-12-30.tif', '/home/dkyselica/ravaen/EMSR271_02FARKADONA/S2/2018-01-19.tif', '/home/dkyselica/ravaen/EMSR271_02FARKADONA/S2/2018-01-29.tif', '/home/dkyselica/ravaen/EMSR271_02FARKADONA/S2/2018-02-08.tif']",/home/dkyselica/ravaen/EMSR271_02FARKADONA/S2/2018-02-28.tif,/home/dkyselica/ravaen/EMSR271_02FARKADONA/changes/2018-02-28.tif,0.2433929443359375,0.019500732421875
EMSR271_02FARKADONA,256,2560,"['/home/dkyselica/ravaen/EMSR271_02FARKADONA/S2/2017-12-30.tif', '/home/dkyselica/ravaen/EMSR271_02FARKADONA/S2/2018-01-19.tif', '/home/dkyselica/ravaen/EMSR271_02FARKADONA/S2/2018-01-29.tif', '/home/dkyselica/ravaen/EMSR271_02FARKADONA/S2/2018-02-08.tif']",/home/dkyselica/ravaen/EMSR271_02FARKADONA/S2/2018-02-28.tif,/home/dkyselica/ravaen/EMSR271_02FARKADONA/changes/2018-02-28.tif,0.00932017543859649,0.07497258771929824
EMSR271_02FARKADONA,512,0,"['/home/dkyselica/ravaen/EMSR271_02FARKADONA/S2/2017-12-30.tif', '/home/dkyselica/ravaen/EMSR271_02FARKADONA/S2/2018-01-19.tif', '/home/dkyselica/ravaen/EMSR271_02FARKADONA/S2/2018-01-29.tif', '/home/dkyselica/ravaen/EMSR271_02FARKADONA/S2/2018-02-08.tif']",/home/dkyselica/ravaen/EMSR271_02FARKADONA/S2/2018-02-28.tif,/home/dkyselica/ravaen/EMSR271_02FARKADONA/changes/2018-02-28.tif,0.00244140625,0.0
EMSR271_02FARKADONA,512,256,"['/home/dkyselica/ravaen/EMSR271_02FARKADONA/S2/2017-12-30.tif', '/home/dkyselica/ravaen/EMSR271_02FARKADONA/S2/2018-01-19.tif', '/home/dkyselica/ravaen/EMSR271_02FARKADONA/S2/2018-01-29.tif', '/home/dkyselica/ravaen/EMSR271_02FARKADONA/S2/2018-02-08.tif']",/home/dkyselica/ravaen/EMSR271_02FARKADONA/S2/2018-02-28.tif,/home/dkyselica/ravaen/EMSR271_02FARKADONA/changes/2018-02-28.tif,0.01416015625,0.0
EMSR271_02FARKADONA,512,512,"['/home/dkyselica/ravaen/EMSR271_02FARKADONA/S2/2017-12-30.tif', '/home/dkyselica/ravaen/EMSR271_02FARKADONA/S2/2018-01-19.tif', '/home/dkyselica/ravaen/EMSR271_02FARKADONA/S2/2018-01-29.tif', '/home/dkyselica/ravaen/EMSR271_02FARKADONA/S2/2018-02-08.tif']",/home/dkyselica/ravaen/EMSR271_02FARKADONA/S2/2018-02-28.tif,/home/dkyselica/ravaen/EMSR271_02FARKADONA/changes/2018-02-28.tif,0.0069122314453125,0.0
EMSR271_02FARKADONA,512,768,"['/home/dkyselica/ravaen/EMSR271_02FARKADONA/S2/2017-12-30.tif', '/home/dkyselica/ravaen/EMSR271_02FARKADONA/S2/2018-01-19.tif', '/home/dkyselica/ravaen/EMSR271_02FARKADONA/S2/2018-01-29.tif', '/home/dkyselica/ravaen/EMSR271_02FARKADONA/S2/2018-02-08.tif']",/home/dkyselica/ravaen/EMSR271_02FARKADONA/S2/2018-02-28.tif,/home/dkyselica/ravaen/EMSR271_02FARKADONA/changes/2018-02-28.tif,0.007080078125,0.0
EMSR271_02FARKADONA,512,1024,"['/home/dkyselica/ravaen/EMSR271_02FARKADONA/S2/2017-12-30.tif', '/home/dkyselica/ravaen/EMSR271_02FARKADONA/S2/2018-01-19.tif', '/home/dkyselica/ravaen/EMSR271_02FARKADONA/S2/2018-01-29.tif', '/home/dkyselica/ravaen/EMSR271_02FARKADONA/S2/2018-02-08.tif']",/home/dkyselica/ravaen/EMSR271_02FARKADONA/S2/2018-02-28.tif,/home/dkyselica/ravaen/EMSR271_02FARKADONA/changes/2018-02-28.tif,0.0003509521484375,0.0
EMSR271_02FARKADONA,512,1280,"['/home/dkyselica/ravaen/EMSR271_02FARKADONA/S2/2017-12-30.tif', '/home/dkyselica/ravaen/EMSR271_02FARKADONA/S2/2018-01-19.tif', '/home/dkyselica/ravaen/EMSR271_02FARKADONA/S2/2018-01-29.tif', '/home/dkyselica/ravaen/EMSR271_02FARKADONA/S2/2018-02-08.tif']",/home/dkyselica/ravaen/EMSR271_02FARKADONA/S2/2018-02-28.tif,/home/dkyselica/ravaen/EMSR271_02FARKADONA/changes/2018-02-28.tif,0.0692901611328125,0.0
EMSR271_02FARKADONA,512,1536,"['/home/dkyselica/ravaen/EMSR271_02FARKADONA/S2/2017-12-30.tif', '/home/dkyselica/ravaen/EMSR271_02FARKADONA/S2/2018-01-19.tif', '/home/dkyselica/ravaen/EMSR271_02FARKADONA/S2/2018-01-29.tif', '/home/dkyselica/ravaen/EMSR271_02FARKADONA/S2/2018-02-08.tif']",/home/dkyselica/ravaen/EMSR271_02FARKADONA/S2/2018-02-28.tif,/home/dkyselica/ravaen/EMSR271_02FARKADONA/changes/2018-02-28.tif,0.01385498046875,0.0
EMSR271_02FARKADONA,512,1792,"['/home/dkyselica/ravaen/EMSR271_02FARKADONA/S2/2017-12-30.tif', '/home/dkyselica/ravaen/EMSR271_02FARKADONA/S2/2018-01-19.tif', '/home/dkyselica/ravaen/EMSR271_02FARKADONA/S2/2018-01-29.tif', '/home/dkyselica/ravaen/EMSR271_02FARKADONA/S2/2018-02-08.tif']",/home/dkyselica/ravaen/EMSR271_02FARKADONA/S2/2018-02-28.tif,/home/dkyselica/ravaen/EMSR271_02FARKADONA/changes/2018-02-28.tif,0.0370025634765625,0.2180938720703125
EMSR271_02FARKADONA,512,2048,"['/home/dkyselica/ravaen/EMSR271_02FARKADONA/S2/2017-12-30.tif', '/home/dkyselica/ravaen/EMSR271_02FARKADONA/S2/2018-01-19.tif', '/home/dkyselica/ravaen/EMSR271_02FARKADONA/S2/2018-01-29.tif', '/home/dkyselica/ravaen/EMSR271_02FARKADONA/S2/2018-02-08.tif']",/home/dkyselica/ravaen/EMSR271_02FARKADONA/S2/2018-02-28.tif,/home/dkyselica/ravaen/EMSR271_02FARKADONA/changes/2018-02-28.tif,0.0141754150390625,0.3677215576171875
EMSR271_02FARKADONA,512,2304,"['/home/dkyselica/ravaen/EMSR271_02FARKADONA/S2/2017-12-30.tif', '/home/dkyselica/ravaen/EMSR271_02FARKADONA/S2/2018-01-19.tif', '/home/dkyselica/ravaen/EMSR271_02FARKADONA/S2/2018-01-29.tif', '/home/dkyselica/ravaen/EMSR271_02FARKADONA/S2/2018-02-08.tif']",/home/dkyselica/ravaen/EMSR271_02FARKADONA/S2/2018-02-28.tif,/home/dkyselica/ravaen/EMSR271_02FARKADONA/changes/2018-02-28.tif,0.3438720703125,0.2152862548828125
EMSR271_02FARKADONA,512,2560,"['/home/dkyselica/ravaen/EMSR271_02FARKADONA/S2/2017-12-30.tif', '/home/dkyselica/ravaen/EMSR271_02FARKADONA/S2/2018-01-19.tif', '/home/dkyselica/ravaen/EMSR271_02FARKADONA/S2/2018-01-29.tif', '/home/dkyselica/ravaen/EMSR271_02FARKADONA/S2/2018-02-08.tif']",/home/dkyselica/ravaen/EMSR271_02FARKADONA/S2/2018-02-28.tif,/home/dkyselica/ravaen/EMSR271_02FARKADONA/changes/2018-02-28.tif,0.033614309210526314,0.18808251096491227
EMSR271_02FARKADONA,768,0,"['/home/dkyselica/ravaen/EMSR271_02FARKADONA/S2/2017-12-30.tif', '/home/dkyselica/ravaen/EMSR271_02FARKADONA/S2/2018-01-19.tif', '/home/dkyselica/ravaen/EMSR271_02FARKADONA/S2/2018-01-29.tif', '/home/dkyselica/ravaen/EMSR271_02FARKADONA/S2/2018-02-08.tif']",/home/dkyselica/ravaen/EMSR271_02FARKADONA/S2/2018-02-28.tif,/home/dkyselica/ravaen/EMSR271_02FARKADONA/changes/2018-02-28.tif,0.040740966796875,0.0
EMSR271_02FARKADONA,768,256,"['/home/dkyselica/ravaen/EMSR271_02FARKADONA/S2/2017-12-30.tif', '/home/dkyselica/ravaen/EMSR271_02FARKADONA/S2/2018-01-19.tif', '/home/dkyselica/ravaen/EMSR271_02FARKADONA/S2/2018-01-29.tif', '/home/dkyselica/ravaen/EMSR271_02FARKADONA/S2/2018-02-08.tif']",/home/dkyselica/ravaen/EMSR271_02FARKADONA/S2/2018-02-28.tif,/home/dkyselica/ravaen/EMSR271_02FARKADONA/changes/2018-02-28.tif,0.0103302001953125,0.0
EMSR271_02FARKADONA,768,512,"['/home/dkyselica/ravaen/EMSR271_02FARKADONA/S2/2017-12-30.tif', '/home/dkyselica/ravaen/EMSR271_02FARKADONA/S2/2018-01-19.tif', '/home/dkyselica/ravaen/EMSR271_02FARKADONA/S2/2018-01-29.tif', '/home/dkyselica/ravaen/EMSR271_02FARKADONA/S2/2018-02-08.tif']",/home/dkyselica/ravaen/EMSR271_02FARKADONA/S2/2018-02-28.tif,/home/dkyselica/ravaen/EMSR271_02FARKADONA/changes/2018-02-28.tif,0.0167236328125,0.0
EMSR271_02FARKADONA,768,768,"['/home/dkyselica/ravaen/EMSR271_02FARKADONA/S2/2017-12-30.tif', '/home/dkyselica/ravaen/EMSR271_02FARKADONA/S2/2018-01-19.tif', '/home/dkyselica/ravaen/EMSR271_02FARKADONA/S2/2018-01-29.tif', '/home/dkyselica/ravaen/EMSR271_02FARKADONA/S2/2018-02-08.tif']",/home/dkyselica/ravaen/EMSR271_02FARKADONA/S2/2018-02-28.tif,/home/dkyselica/ravaen/EMSR271_02FARKADONA/changes/2018-02-28.tif,0.0575103759765625,0.0
EMSR271_02FARKADONA,768,1024,"['/home/dkyselica/ravaen/EMSR271_02FARKADONA/S2/2017-12-30.tif', '/home/dkyselica/ravaen/EMSR271_02FARKADONA/S2/2018-01-19.tif', '/home/dkyselica/ravaen/EMSR271_02FARKADONA/S2/2018-01-29.tif', '/home/dkyselica/ravaen/EMSR271_02FARKADONA/S2/2018-02-08.tif']",/home/dkyselica/ravaen/EMSR271_02FARKADONA/S2/2018-02-28.tif,/home/dkyselica/ravaen/EMSR271_02FARKADONA/changes/2018-02-28.tif,0.2777862548828125,0.0
EMSR271_02FARKADONA,768,1280,"['/home/dkyselica/ravaen/EMSR271_02FARKADONA/S2/2017-12-30.tif', '/home/dkyselica/ravaen/EMSR271_02FARKADONA/S2/2018-01-19.tif', '/home/dkyselica/ravaen/EMSR271_02FARKADONA/S2/2018-01-29.tif', '/home/dkyselica/ravaen/EMSR271_02FARKADONA/S2/2018-02-08.tif']",/home/dkyselica/ravaen/EMSR271_02FARKADONA/S2/2018-02-28.tif,/home/dkyselica/ravaen/EMSR271_02FARKADONA/changes/2018-02-28.tif,0.697113037109375,0.0
EMSR271_02FARKADONA,768,1536,"['/home/dkyselica/ravaen/EMSR271_02FARKADONA/S2/2017-12-30.tif', '/home/dkyselica/ravaen/EMSR271_02FARKADONA/S2/2018-01-19.tif', '/home/dkyselica/ravaen/EMSR271_02FARKADONA/S2/2018-01-29.tif', '/home/dkyselica/ravaen/EMSR271_02FARKADONA/S2/2018-02-08.tif']",/home/dkyselica/ravaen/EMSR271_02FARKADONA/S2/2018-02-28.tif,/home/dkyselica/ravaen/EMSR271_02FARKADONA/changes/2018-02-28.tif,0.636810302734375,0.1793365478515625
EMSR271_02FARKADONA,768,1792,"['/home/dkyselica/ravaen/EMSR271_02FARKADONA/S2/2017-12-30.tif', '/home/dkyselica/ravaen/EMSR271_02FARKADONA/S2/2018-01-19.tif', '/home/dkyselica/ravaen/EMSR271_02FARKADONA/S2/2018-01-29.tif', '/home/dkyselica/ravaen/EMSR271_02FARKADONA/S2/2018-02-08.tif']",/home/dkyselica/ravaen/EMSR271_02FARKADONA/S2/2018-02-28.tif,/home/dkyselica/ravaen/EMSR271_02FARKADONA/changes/2018-02-28.tif,0.1358795166015625,0.657379150390625
EMSR271_02FARKADONA,768,2048,"['/home/dkyselica/ravaen/EMSR271_02FARKADONA/S2/2017-12-30.tif', '/home/dkyselica/ravaen/EMSR271_02FARKADONA/S2/2018-01-19.tif', '/home/dkyselica/ravaen/EMSR271_02FARKADONA/S2/2018-01-29.tif', '/home/dkyselica/ravaen/EMSR271_02FARKADONA/S2/2018-02-08.tif']",/home/dkyselica/ravaen/EMSR271_02FARKADONA/S2/2018-02-28.tif,/home/dkyselica/ravaen/EMSR271_02FARKADONA/changes/2018-02-28.tif,0.021392822265625,0.7191925048828125
EMSR271_02FARKADONA,768,2304,"['/home/dkyselica/ravaen/EMSR271_02FARKADONA/S2/2017-12-30.tif', '/home/dkyselica/ravaen/EMSR271_02FARKADONA/S2/2018-01-19.tif', '/home/dkyselica/ravaen/EMSR271_02FARKADONA/S2/2018-01-29.tif', '/home/dkyselica/ravaen/EMSR271_02FARKADONA/S2/2018-02-08.tif']",/home/dkyselica/ravaen/EMSR271_02FARKADONA/S2/2018-02-28.tif,/home/dkyselica/ravaen/EMSR271_02FARKADONA/changes/2018-02-28.tif,0.007659912109375,0.4936370849609375
EMSR271_02FARKADONA,768,2560,"['/home/dkyselica/ravaen/EMSR271_02FARKADONA/S2/2017-12-30.tif', '/home/dkyselica/ravaen/EMSR271_02FARKADONA/S2/2018-01-19.tif', '/home/dkyselica/ravaen/EMSR271_02FARKADONA/S2/2018-01-29.tif', '/home/dkyselica/ravaen/EMSR271_02FARKADONA/S2/2018-02-08.tif']",/home/dkyselica/ravaen/EMSR271_02FARKADONA/S2/2018-02-28.tif,/home/dkyselica/ravaen/EMSR271_02FARKADONA/changes/2018-02-28.tif,0.0005825109649122807,0.00027412280701754384
EMSR271_02FARKADONA,1024,0,"['/home/dkyselica/ravaen/EMSR271_02FARKADONA/S2/2017-12-30.tif', '/home/dkyselica/ravaen/EMSR271_02FARKADONA/S2/2018-01-19.tif', '/home/dkyselica/ravaen/EMSR271_02FARKADONA/S2/2018-01-29.tif', '/home/dkyselica/ravaen/EMSR271_02FARKADONA/S2/2018-02-08.tif']",/home/dkyselica/ravaen/EMSR271_02FARKADONA/S2/2018-02-28.tif,/home/dkyselica/ravaen/EMSR271_02FARKADONA/changes/2018-02-28.tif,0.0533294677734375,0.0
EMSR271_02FARKADONA,1024,256,"['/home/dkyselica/ravaen/EMSR271_02FARKADONA/S2/2017-12-30.tif', '/home/dkyselica/ravaen/EMSR271_02FARKADONA/S2/2018-01-19.tif', '/home/dkyselica/ravaen/EMSR271_02FARKADONA/S2/2018-01-29.tif', '/home/dkyselica/ravaen/EMSR271_02FARKADONA/S2/2018-02-08.tif']",/home/dkyselica/ravaen/EMSR271_02FARKADONA/S2/2018-02-28.tif,/home/dkyselica/ravaen/EMSR271_02FARKADONA/changes/2018-02-28.tif,0.2035064697265625,0.0
EMSR271_02FARKADONA,1024,512,"['/home/dkyselica/ravaen/EMSR271_02FARKADONA/S2/2017-12-30.tif', '/home/dkyselica/ravaen/EMSR271_02FARKADONA/S2/2018-01-19.tif', '/home/dkyselica/ravaen/EMSR271_02FARKADONA/S2/2018-01-29.tif', '/home/dkyselica/ravaen/EMSR271_02FARKADONA/S2/2018-02-08.tif']",/home/dkyselica/ravaen/EMSR271_02FARKADONA/S2/2018-02-28.tif,/home/dkyselica/ravaen/EMSR271_02FARKADONA/changes/2018-02-28.tif,0.226715087890625,0.0
EMSR271_02FARKADONA,1024,768,"['/home/dkyselica/ravaen/EMSR271_02FARKADONA/S2/2017-12-30.tif', '/home/dkyselica/ravaen/EMSR271_02FARKADONA/S2/2018-01-19.tif', '/home/dkyselica/ravaen/EMSR271_02FARKADONA/S2/2018-01-29.tif', '/home/dkyselica/ravaen/EMSR271_02FARKADONA/S2/2018-02-08.tif']",/home/dkyselica/ravaen/EMSR271_02FARKADONA/S2/2018-02-28.tif,/home/dkyselica/ravaen/EMSR271_02FARKADONA/changes/2018-02-28.tif,0.1675262451171875,0.0
EMSR271_02FARKADONA,1024,1024,"['/home/dkyselica/ravaen/EMSR271_02FARKADONA/S2/2017-12-30.tif', '/home/dkyselica/ravaen/EMSR271_02FARKADONA/S2/2018-01-19.tif', '/home/dkyselica/ravaen/EMSR271_02FARKADONA/S2/2018-01-29.tif', '/home/dkyselica/ravaen/EMSR271_02FARKADONA/S2/2018-02-08.tif']",/home/dkyselica/ravaen/EMSR271_02FARKADONA/S2/2018-02-28.tif,/home/dkyselica/ravaen/EMSR271_02FARKADONA/changes/2018-02-28.tif,0.004241943359375,0.0
EMSR271_02FARKADONA,1024,1280,"['/home/dkyselica/ravaen/EMSR271_02FARKADONA/S2/2017-12-30.tif', '/home/dkyselica/ravaen/EMSR271_02FARKADONA/S2/2018-01-19.tif', '/home/dkyselica/ravaen/EMSR271_02FARKADONA/S2/2018-01-29.tif', '/home/dkyselica/ravaen/EMSR271_02FARKADONA/S2/2018-02-08.tif']",/home/dkyselica/ravaen/EMSR271_02FARKADONA/S2/2018-02-28.tif,/home/dkyselica/ravaen/EMSR271_02FARKADONA/changes/2018-02-28.tif,0.1702117919921875,0.024017333984375
EMSR271_02FARKADONA,1024,1536,"['/home/dkyselica/ravaen/EMSR271_02FARKADONA/S2/2017-12-30.tif', '/home/dkyselica/ravaen/EMSR271_02FARKADONA/S2/2018-01-19.tif', '/home/dkyselica/ravaen/EMSR271_02FARKADONA/S2/2018-01-29.tif', '/home/dkyselica/ravaen/EMSR271_02FARKADONA/S2/2018-02-08.tif']",/home/dkyselica/ravaen/EMSR271_02FARKADONA/S2/2018-02-28.tif,/home/dkyselica/ravaen/EMSR271_02FARKADONA/changes/2018-02-28.tif,0.0002899169921875,0.1617889404296875
EMSR271_02FARKADONA,1024,1792,"['/home/dkyselica/ravaen/EMSR271_02FARKADONA/S2/2017-12-30.tif', '/home/dkyselica/ravaen/EMSR271_02FARKADONA/S2/2018-01-19.tif', '/home/dkyselica/ravaen/EMSR271_02FARKADONA/S2/2018-01-29.tif', '/home/dkyselica/ravaen/EMSR271_02FARKADONA/S2/2018-02-08.tif']",/home/dkyselica/ravaen/EMSR271_02FARKADONA/S2/2018-02-28.tif,/home/dkyselica/ravaen/EMSR271_02FARKADONA/changes/2018-02-28.tif,0.0,0.197418212890625
EMSR271_02FARKADONA,1024,2048,"['/home/dkyselica/ravaen/EMSR271_02FARKADONA/S2/2017-12-30.tif', '/home/dkyselica/ravaen/EMSR271_02FARKADONA/S2/2018-01-19.tif', '/home/dkyselica/ravaen/EMSR271_02FARKADONA/S2/2018-01-29.tif', '/home/dkyselica/ravaen/EMSR271_02FARKADONA/S2/2018-02-08.tif']",/home/dkyselica/ravaen/EMSR271_02FARKADONA/S2/2018-02-28.tif,/home/dkyselica/ravaen/EMSR271_02FARKADONA/changes/2018-02-28.tif,0.0,0.0
EMSR271_02FARKADONA,1024,2304,"['/home/dkyselica/ravaen/EMSR271_02FARKADONA/S2/2017-12-30.tif', '/home/dkyselica/ravaen/EMSR271_02FARKADONA/S2/2018-01-19.tif', '/home/dkyselica/ravaen/EMSR271_02FARKADONA/S2/2018-01-29.tif', '/home/dkyselica/ravaen/EMSR271_02FARKADONA/S2/2018-02-08.tif']",/home/dkyselica/ravaen/EMSR271_02FARKADONA/S2/2018-02-28.tif,/home/dkyselica/ravaen/EMSR271_02FARKADONA/changes/2018-02-28.tif,0.0,0.001800537109375
EMSR271_02FARKADONA,1024,2560,"['/home/dkyselica/ravaen/EMSR271_02FARKADONA/S2/2017-12-30.tif', '/home/dkyselica/ravaen/EMSR271_02FARKADONA/S2/2018-01-19.tif', '/home/dkyselica/ravaen/EMSR271_02FARKADONA/S2/2018-01-29.tif', '/home/dkyselica/ravaen/EMSR271_02FARKADONA/S2/2018-02-08.tif']",/home/dkyselica/ravaen/EMSR271_02FARKADONA/S2/2018-02-28.tif,/home/dkyselica/ravaen/EMSR271_02FARKADONA/changes/2018-02-28.tif,0.0,0.03378563596491228
EMSR271_02FARKADONA,1280,0,"['/home/dkyselica/ravaen/EMSR271_02FARKADONA/S2/2017-12-30.tif', '/home/dkyselica/ravaen/EMSR271_02FARKADONA/S2/2018-01-19.tif', '/home/dkyselica/ravaen/EMSR271_02FARKADONA/S2/2018-01-29.tif', '/home/dkyselica/ravaen/EMSR271_02FARKADONA/S2/2018-02-08.tif']",/home/dkyselica/ravaen/EMSR271_02FARKADONA/S2/2018-02-28.tif,/home/dkyselica/ravaen/EMSR271_02FARKADONA/changes/2018-02-28.tif,0.1956939697265625,0.0
EMSR271_02FARKADONA,1280,256,"['/home/dkyselica/ravaen/EMSR271_02FARKADONA/S2/2017-12-30.tif', '/home/dkyselica/ravaen/EMSR271_02FARKADONA/S2/2018-01-19.tif', '/home/dkyselica/ravaen/EMSR271_02FARKADONA/S2/2018-01-29.tif', '/home/dkyselica/ravaen/EMSR271_02FARKADONA/S2/2018-02-08.tif']",/home/dkyselica/ravaen/EMSR271_02FARKADONA/S2/2018-02-28.tif,/home/dkyselica/ravaen/EMSR271_02FARKADONA/changes/2018-02-28.tif,0.1503448486328125,0.0
EMSR271_02FARKADONA,1280,512,"['/home/dkyselica/ravaen/EMSR271_02FARKADONA/S2/2017-12-30.tif', '/home/dkyselica/ravaen/EMSR271_02FARKADONA/S2/2018-01-19.tif', '/home/dkyselica/ravaen/EMSR271_02FARKADONA/S2/2018-01-29.tif', '/home/dkyselica/ravaen/EMSR271_02FARKADONA/S2/2018-02-08.tif']",/home/dkyselica/ravaen/EMSR271_02FARKADONA/S2/2018-02-28.tif,/home/dkyselica/ravaen/EMSR271_02FARKADONA/changes/2018-02-28.tif,0.0846710205078125,0.0
EMSR271_02FARKADONA,1280,768,"['/home/dkyselica/ravaen/EMSR271_02FARKADONA/S2/2017-12-30.tif', '/home/dkyselica/ravaen/EMSR271_02FARKADONA/S2/2018-01-19.tif', '/home/dkyselica/ravaen/EMSR271_02FARKADONA/S2/2018-01-29.tif', '/home/dkyselica/ravaen/EMSR271_02FARKADONA/S2/2018-02-08.tif']",/home/dkyselica/ravaen/EMSR271_02FARKADONA/S2/2018-02-28.tif,/home/dkyselica/ravaen/EMSR271_02FARKADONA/changes/2018-02-28.tif,0.0232086181640625,0.0
EMSR271_02FARKADONA,1280,1024,"['/home/dkyselica/ravaen/EMSR271_02FARKADONA/S2/2017-12-30.tif', '/home/dkyselica/ravaen/EMSR271_02FARKADONA/S2/2018-01-19.tif', '/home/dkyselica/ravaen/EMSR271_02FARKADONA/S2/2018-01-29.tif', '/home/dkyselica/ravaen/EMSR271_02FARKADONA/S2/2018-02-08.tif']",/home/dkyselica/ravaen/EMSR271_02FARKADONA/S2/2018-02-28.tif,/home/dkyselica/ravaen/EMSR271_02FARKADONA/changes/2018-02-28.tif,0.132293701171875,0.0
EMSR271_02FARKADONA,1280,1280,"['/home/dkyselica/ravaen/EMSR271_02FARKADONA/S2/2017-12-30.tif', '/home/dkyselica/ravaen/EMSR271_02FARKADONA/S2/2018-01-19.tif', '/home/dkyselica/ravaen/EMSR271_02FARKADONA/S2/2018-01-29.tif', '/home/dkyselica/ravaen/EMSR271_02FARKADONA/S2/2018-02-08.tif']",/home/dkyselica/ravaen/EMSR271_02FARKADONA/S2/2018-02-28.tif,/home/dkyselica/ravaen/EMSR271_02FARKADONA/changes/2018-02-28.tif,0.1132965087890625,0.0
EMSR271_02FARKADONA,1280,1536,"['/home/dkyselica/ravaen/EMSR271_02FARKADONA/S2/2017-12-30.tif', '/home/dkyselica/ravaen/EMSR271_02FARKADONA/S2/2018-01-19.tif', '/home/dkyselica/ravaen/EMSR271_02FARKADONA/S2/2018-01-29.tif', '/home/dkyselica/ravaen/EMSR271_02FARKADONA/S2/2018-02-08.tif']",/home/dkyselica/ravaen/EMSR271_02FARKADONA/S2/2018-02-28.tif,/home/dkyselica/ravaen/EMSR271_02FARKADONA/changes/2018-02-28.tif,0.0,0.0
EMSR271_02FARKADONA,1280,1792,"['/home/dkyselica/ravaen/EMSR271_02FARKADONA/S2/2017-12-30.tif', '/home/dkyselica/ravaen/EMSR271_02FARKADONA/S2/2018-01-19.tif', '/home/dkyselica/ravaen/EMSR271_02FARKADONA/S2/2018-01-29.tif', '/home/dkyselica/ravaen/EMSR271_02FARKADONA/S2/2018-02-08.tif']",/home/dkyselica/ravaen/EMSR271_02FARKADONA/S2/2018-02-28.tif,/home/dkyselica/ravaen/EMSR271_02FARKADONA/changes/2018-02-28.tif,0.0,0.0
EMSR271_02FARKADONA,1280,2048,"['/home/dkyselica/ravaen/EMSR271_02FARKADONA/S2/2017-12-30.tif', '/home/dkyselica/ravaen/EMSR271_02FARKADONA/S2/2018-01-19.tif', '/home/dkyselica/ravaen/EMSR271_02FARKADONA/S2/2018-01-29.tif', '/home/dkyselica/ravaen/EMSR271_02FARKADONA/S2/2018-02-08.tif']",/home/dkyselica/ravaen/EMSR271_02FARKADONA/S2/2018-02-28.tif,/home/dkyselica/ravaen/EMSR271_02FARKADONA/changes/2018-02-28.tif,0.0,0.0
EMSR271_02FARKADONA,1280,2304,"['/home/dkyselica/ravaen/EMSR271_02FARKADONA/S2/2017-12-30.tif', '/home/dkyselica/ravaen/EMSR271_02FARKADONA/S2/2018-01-19.tif', '/home/dkyselica/ravaen/EMSR271_02FARKADONA/S2/2018-01-29.tif', '/home/dkyselica/ravaen/EMSR271_02FARKADONA/S2/2018-02-08.tif']",/home/dkyselica/ravaen/EMSR271_02FARKADONA/S2/2018-02-28.tif,/home/dkyselica/ravaen/EMSR271_02FARKADONA/changes/2018-02-28.tif,0.0,0.0
EMSR271_02FARKADONA,1280,2560,"['/home/dkyselica/ravaen/EMSR271_02FARKADONA/S2/2017-12-30.tif', '/home/dkyselica/ravaen/EMSR271_02FARKADONA/S2/2018-01-19.tif', '/home/dkyselica/ravaen/EMSR271_02FARKADONA/S2/2018-01-29.tif', '/home/dkyselica/ravaen/EMSR271_02FARKADONA/S2/2018-02-08.tif']",/home/dkyselica/ravaen/EMSR271_02FARKADONA/S2/2018-02-28.tif,/home/dkyselica/ravaen/EMSR271_02FARKADONA/changes/2018-02-28.tif,0.0,0.0
EMSR271_02FARKADONA,1536,0,"['/home/dkyselica/ravaen/EMSR271_02FARKADONA/S2/2017-12-30.tif', '/home/dkyselica/ravaen/EMSR271_02FARKADONA/S2/2018-01-19.tif', '/home/dkyselica/ravaen/EMSR271_02FARKADONA/S2/2018-01-29.tif', '/home/dkyselica/ravaen/EMSR271_02FARKADONA/S2/2018-02-08.tif']",/home/dkyselica/ravaen/EMSR271_02FARKADONA/S2/2018-02-28.tif,/home/dkyselica/ravaen/EMSR271_02FARKADONA/changes/2018-02-28.tif,0.015655517578125,0.0
EMSR271_02FARKADONA,1536,256,"['/home/dkyselica/ravaen/EMSR271_02FARKADONA/S2/2017-12-30.tif', '/home/dkyselica/ravaen/EMSR271_02FARKADONA/S2/2018-01-19.tif', '/home/dkyselica/ravaen/EMSR271_02FARKADONA/S2/2018-01-29.tif', '/home/dkyselica/ravaen/EMSR271_02FARKADONA/S2/2018-02-08.tif']",/home/dkyselica/ravaen/EMSR271_02FARKADONA/S2/2018-02-28.tif,/home/dkyselica/ravaen/EMSR271_02FARKADONA/changes/2018-02-28.tif,0.2260589599609375,0.0
EMSR271_02FARKADONA,1536,512,"['/home/dkyselica/ravaen/EMSR271_02FARKADONA/S2/2017-12-30.tif', '/home/dkyselica/ravaen/EMSR271_02FARKADONA/S2/2018-01-19.tif', '/home/dkyselica/ravaen/EMSR271_02FARKADONA/S2/2018-01-29.tif', '/home/dkyselica/ravaen/EMSR271_02FARKADONA/S2/2018-02-08.tif']",/home/dkyselica/ravaen/EMSR271_02FARKADONA/S2/2018-02-28.tif,/home/dkyselica/ravaen/EMSR271_02FARKADONA/changes/2018-02-28.tif,0.2254638671875,0.0
EMSR271_02FARKADONA,1536,768,"['/home/dkyselica/ravaen/EMSR271_02FARKADONA/S2/2017-12-30.tif', '/home/dkyselica/ravaen/EMSR271_02FARKADONA/S2/2018-01-19.tif', '/home/dkyselica/ravaen/EMSR271_02FARKADONA/S2/2018-01-29.tif', '/home/dkyselica/ravaen/EMSR271_02FARKADONA/S2/2018-02-08.tif']",/home/dkyselica/ravaen/EMSR271_02FARKADONA/S2/2018-02-28.tif,/home/dkyselica/ravaen/EMSR271_02FARKADONA/changes/2018-02-28.tif,0.17010498046875,0.0
EMSR271_02FARKADONA,1536,1024,"['/home/dkyselica/ravaen/EMSR271_02FARKADONA/S2/2017-12-30.tif', '/home/dkyselica/ravaen/EMSR271_02FARKADONA/S2/2018-01-19.tif', '/home/dkyselica/ravaen/EMSR271_02FARKADONA/S2/2018-01-29.tif', '/home/dkyselica/ravaen/EMSR271_02FARKADONA/S2/2018-02-08.tif']",/home/dkyselica/ravaen/EMSR271_02FARKADONA/S2/2018-02-28.tif,/home/dkyselica/ravaen/EMSR271_02FARKADONA/changes/2018-02-28.tif,0.155670166015625,0.0
EMSR271_02FARKADONA,1536,1280,"['/home/dkyselica/ravaen/EMSR271_02FARKADONA/S2/2017-12-30.tif', '/home/dkyselica/ravaen/EMSR271_02FARKADONA/S2/2018-01-19.tif', '/home/dkyselica/ravaen/EMSR271_02FARKADONA/S2/2018-01-29.tif', '/home/dkyselica/ravaen/EMSR271_02FARKADONA/S2/2018-02-08.tif']",/home/dkyselica/ravaen/EMSR271_02FARKADONA/S2/2018-02-28.tif,/home/dkyselica/ravaen/EMSR271_02FARKADONA/changes/2018-02-28.tif,0.181671142578125,0.0
EMSR271_02FARKADONA,1536,1536,"['/home/dkyselica/ravaen/EMSR271_02FARKADONA/S2/2017-12-30.tif', '/home/dkyselica/ravaen/EMSR271_02FARKADONA/S2/2018-01-19.tif', '/home/dkyselica/ravaen/EMSR271_02FARKADONA/S2/2018-01-29.tif', '/home/dkyselica/ravaen/EMSR271_02FARKADONA/S2/2018-02-08.tif']",/home/dkyselica/ravaen/EMSR271_02FARKADONA/S2/2018-02-28.tif,/home/dkyselica/ravaen/EMSR271_02FARKADONA/changes/2018-02-28.tif,0.188812255859375,0.0
EMSR271_02FARKADONA,1536,1792,"['/home/dkyselica/ravaen/EMSR271_02FARKADONA/S2/2017-12-30.tif', '/home/dkyselica/ravaen/EMSR271_02FARKADONA/S2/2018-01-19.tif', '/home/dkyselica/ravaen/EMSR271_02FARKADONA/S2/2018-01-29.tif', '/home/dkyselica/ravaen/EMSR271_02FARKADONA/S2/2018-02-08.tif']",/home/dkyselica/ravaen/EMSR271_02FARKADONA/S2/2018-02-28.tif,/home/dkyselica/ravaen/EMSR271_02FARKADONA/changes/2018-02-28.tif,0.12451171875,0.0
EMSR271_02FARKADONA,1536,2048,"['/home/dkyselica/ravaen/EMSR271_02FARKADONA/S2/2017-12-30.tif', '/home/dkyselica/ravaen/EMSR271_02FARKADONA/S2/2018-01-19.tif', '/home/dkyselica/ravaen/EMSR271_02FARKADONA/S2/2018-01-29.tif', '/home/dkyselica/ravaen/EMSR271_02FARKADONA/S2/2018-02-08.tif']",/home/dkyselica/ravaen/EMSR271_02FARKADONA/S2/2018-02-28.tif,/home/dkyselica/ravaen/EMSR271_02FARKADONA/changes/2018-02-28.tif,0.0,0.0
EMSR271_02FARKADONA,1536,2304,"['/home/dkyselica/ravaen/EMSR271_02FARKADONA/S2/2017-12-30.tif', '/home/dkyselica/ravaen/EMSR271_02FARKADONA/S2/2018-01-19.tif', '/home/dkyselica/ravaen/EMSR271_02FARKADONA/S2/2018-01-29.tif', '/home/dkyselica/ravaen/EMSR271_02FARKADONA/S2/2018-02-08.tif']",/home/dkyselica/ravaen/EMSR271_02FARKADONA/S2/2018-02-28.tif,/home/dkyselica/ravaen/EMSR271_02FARKADONA/changes/2018-02-28.tif,0.0,0.0
EMSR271_02FARKADONA,1536,2560,"['/home/dkyselica/ravaen/EMSR271_02FARKADONA/S2/2017-12-30.tif', '/home/dkyselica/ravaen/EMSR271_02FARKADONA/S2/2018-01-19.tif', '/home/dkyselica/ravaen/EMSR271_02FARKADONA/S2/2018-01-29.tif', '/home/dkyselica/ravaen/EMSR271_02FARKADONA/S2/2018-02-08.tif']",/home/dkyselica/ravaen/EMSR271_02FARKADONA/S2/2018-02-28.tif,/home/dkyselica/ravaen/EMSR271_02FARKADONA/changes/2018-02-28.tif,0.0,0.0
EMSR271_02FARKADONA,1792,0,"['/home/dkyselica/ravaen/EMSR271_02FARKADONA/S2/2017-12-30.tif', '/home/dkyselica/ravaen/EMSR271_02FARKADONA/S2/2018-01-19.tif', '/home/dkyselica/ravaen/EMSR271_02FARKADONA/S2/2018-01-29.tif', '/home/dkyselica/ravaen/EMSR271_02FARKADONA/S2/2018-02-08.tif']",/home/dkyselica/ravaen/EMSR271_02FARKADONA/S2/2018-02-28.tif,/home/dkyselica/ravaen/EMSR271_02FARKADONA/changes/2018-02-28.tif,0.0966949462890625,0.0
EMSR271_02FARKADONA,1792,256,"['/home/dkyselica/ravaen/EMSR271_02FARKADONA/S2/2017-12-30.tif', '/home/dkyselica/ravaen/EMSR271_02FARKADONA/S2/2018-01-19.tif', '/home/dkyselica/ravaen/EMSR271_02FARKADONA/S2/2018-01-29.tif', '/home/dkyselica/ravaen/EMSR271_02FARKADONA/S2/2018-02-08.tif']",/home/dkyselica/ravaen/EMSR271_02FARKADONA/S2/2018-02-28.tif,/home/dkyselica/ravaen/EMSR271_02FARKADONA/changes/2018-02-28.tif,0.127777099609375,0.0
EMSR271_02FARKADONA,1792,512,"['/home/dkyselica/ravaen/EMSR271_02FARKADONA/S2/2017-12-30.tif', '/home/dkyselica/ravaen/EMSR271_02FARKADONA/S2/2018-01-19.tif', '/home/dkyselica/ravaen/EMSR271_02FARKADONA/S2/2018-01-29.tif', '/home/dkyselica/ravaen/EMSR271_02FARKADONA/S2/2018-02-08.tif']",/home/dkyselica/ravaen/EMSR271_02FARKADONA/S2/2018-02-28.tif,/home/dkyselica/ravaen/EMSR271_02FARKADONA/changes/2018-02-28.tif,0.025604248046875,0.0
EMSR271_02FARKADONA,1792,768,"['/home/dkyselica/ravaen/EMSR271_02FARKADONA/S2/2017-12-30.tif', '/home/dkyselica/ravaen/EMSR271_02FARKADONA/S2/2018-01-19.tif', '/home/dkyselica/ravaen/EMSR271_02FARKADONA/S2/2018-01-29.tif', '/home/dkyselica/ravaen/EMSR271_02FARKADONA/S2/2018-02-08.tif']",/home/dkyselica/ravaen/EMSR271_02FARKADONA/S2/2018-02-28.tif,/home/dkyselica/ravaen/EMSR271_02FARKADONA/changes/2018-02-28.tif,0.1124114990234375,0.0
EMSR271_02FARKADONA,1792,1024,"['/home/dkyselica/ravaen/EMSR271_02FARKADONA/S2/2017-12-30.tif', '/home/dkyselica/ravaen/EMSR271_02FARKADONA/S2/2018-01-19.tif', '/home/dkyselica/ravaen/EMSR271_02FARKADONA/S2/2018-01-29.tif', '/home/dkyselica/ravaen/EMSR271_02FARKADONA/S2/2018-02-08.tif']",/home/dkyselica/ravaen/EMSR271_02FARKADONA/S2/2018-02-28.tif,/home/dkyselica/ravaen/EMSR271_02FARKADONA/changes/2018-02-28.tif,0.053375244140625,0.0
EMSR271_02FARKADONA,1792,1280,"['/home/dkyselica/ravaen/EMSR271_02FARKADONA/S2/2017-12-30.tif', '/home/dkyselica/ravaen/EMSR271_02FARKADONA/S2/2018-01-19.tif', '/home/dkyselica/ravaen/EMSR271_02FARKADONA/S2/2018-01-29.tif', '/home/dkyselica/ravaen/EMSR271_02FARKADONA/S2/2018-02-08.tif']",/home/dkyselica/ravaen/EMSR271_02FARKADONA/S2/2018-02-28.tif,/home/dkyselica/ravaen/EMSR271_02FARKADONA/changes/2018-02-28.tif,0.0,0.0
EMSR271_02FARKADONA,1792,1536,"['/home/dkyselica/ravaen/EMSR271_02FARKADONA/S2/2017-12-30.tif', '/home/dkyselica/ravaen/EMSR271_02FARKADONA/S2/2018-01-19.tif', '/home/dkyselica/ravaen/EMSR271_02FARKADONA/S2/2018-01-29.tif', '/home/dkyselica/ravaen/EMSR271_02FARKADONA/S2/2018-02-08.tif']",/home/dkyselica/ravaen/EMSR271_02FARKADONA/S2/2018-02-28.tif,/home/dkyselica/ravaen/EMSR271_02FARKADONA/changes/2018-02-28.tif,0.1837921142578125,0.0
EMSR271_02FARKADONA,1792,1792,"['/home/dkyselica/ravaen/EMSR271_02FARKADONA/S2/2017-12-30.tif', '/home/dkyselica/ravaen/EMSR271_02FARKADONA/S2/2018-01-19.tif', '/home/dkyselica/ravaen/EMSR271_02FARKADONA/S2/2018-01-29.tif', '/home/dkyselica/ravaen/EMSR271_02FARKADONA/S2/2018-02-08.tif']",/home/dkyselica/ravaen/EMSR271_02FARKADONA/S2/2018-02-28.tif,/home/dkyselica/ravaen/EMSR271_02FARKADONA/changes/2018-02-28.tif,0.151397705078125,0.0
EMSR271_02FARKADONA,1792,2048,"['/home/dkyselica/ravaen/EMSR271_02FARKADONA/S2/2017-12-30.tif', '/home/dkyselica/ravaen/EMSR271_02FARKADONA/S2/2018-01-19.tif', '/home/dkyselica/ravaen/EMSR271_02FARKADONA/S2/2018-01-29.tif', '/home/dkyselica/ravaen/EMSR271_02FARKADONA/S2/2018-02-08.tif']",/home/dkyselica/ravaen/EMSR271_02FARKADONA/S2/2018-02-28.tif,/home/dkyselica/ravaen/EMSR271_02FARKADONA/changes/2018-02-28.tif,0.01715087890625,0.0
EMSR271_02FARKADONA,1792,2304,"['/home/dkyselica/ravaen/EMSR271_02FARKADONA/S2/2017-12-30.tif', '/home/dkyselica/ravaen/EMSR271_02FARKADONA/S2/2018-01-19.tif', '/home/dkyselica/ravaen/EMSR271_02FARKADONA/S2/2018-01-29.tif', '/home/dkyselica/ravaen/EMSR271_02FARKADONA/S2/2018-02-08.tif']",/home/dkyselica/ravaen/EMSR271_02FARKADONA/S2/2018-02-28.tif,/home/dkyselica/ravaen/EMSR271_02FARKADONA/changes/2018-02-28.tif,0.0074615478515625,0.0
EMSR271_02FARKADONA,1792,2560,"['/home/dkyselica/ravaen/EMSR271_02FARKADONA/S2/2017-12-30.tif', '/home/dkyselica/ravaen/EMSR271_02FARKADONA/S2/2018-01-19.tif', '/home/dkyselica/ravaen/EMSR271_02FARKADONA/S2/2018-01-29.tif', '/home/dkyselica/ravaen/EMSR271_02FARKADONA/S2/2018-02-08.tif']",/home/dkyselica/ravaen/EMSR271_02FARKADONA/S2/2018-02-28.tif,/home/dkyselica/ravaen/EMSR271_02FARKADONA/changes/2018-02-28.tif,0.0,0.0
EMSR271_02FARKADONA,2048,0,"['/home/dkyselica/ravaen/EMSR271_02FARKADONA/S2/2017-12-30.tif', '/home/dkyselica/ravaen/EMSR271_02FARKADONA/S2/2018-01-19.tif', '/home/dkyselica/ravaen/EMSR271_02FARKADONA/S2/2018-01-29.tif', '/home/dkyselica/ravaen/EMSR271_02FARKADONA/S2/2018-02-08.tif']",/home/dkyselica/ravaen/EMSR271_02FARKADONA/S2/2018-02-28.tif,/home/dkyselica/ravaen/EMSR271_02FARKADONA/changes/2018-02-28.tif,0.02675513698630137,0.0
EMSR271_02FARKADONA,2048,256,"['/home/dkyselica/ravaen/EMSR271_02FARKADONA/S2/2017-12-30.tif', '/home/dkyselica/ravaen/EMSR271_02FARKADONA/S2/2018-01-19.tif', '/home/dkyselica/ravaen/EMSR271_02FARKADONA/S2/2018-01-29.tif', '/home/dkyselica/ravaen/EMSR271_02FARKADONA/S2/2018-02-08.tif']",/home/dkyselica/ravaen/EMSR271_02FARKADONA/S2/2018-02-28.tif,/home/dkyselica/ravaen/EMSR271_02FARKADONA/changes/2018-02-28.tif,0.03625321061643835,0.0
EMSR271_02FARKADONA,2048,512,"['/home/dkyselica/ravaen/EMSR271_02FARKADONA/S2/2017-12-30.tif', '/home/dkyselica/ravaen/EMSR271_02FARKADONA/S2/2018-01-19.tif', '/home/dkyselica/ravaen/EMSR271_02FARKADONA/S2/2018-01-29.tif', '/home/dkyselica/ravaen/EMSR271_02FARKADONA/S2/2018-02-08.tif']",/home/dkyselica/ravaen/EMSR271_02FARKADONA/S2/2018-02-28.tif,/home/dkyselica/ravaen/EMSR271_02FARKADONA/changes/2018-02-28.tif,0.08944242294520548,0.0
EMSR271_02FARKADONA,2048,768,"['/home/dkyselica/ravaen/EMSR271_02FARKADONA/S2/2017-12-30.tif', '/home/dkyselica/ravaen/EMSR271_02FARKADONA/S2/2018-01-19.tif', '/home/dkyselica/ravaen/EMSR271_02FARKADONA/S2/2018-01-29.tif', '/home/dkyselica/ravaen/EMSR271_02FARKADONA/S2/2018-02-08.tif']",/home/dkyselica/ravaen/EMSR271_02FARKADONA/S2/2018-02-28.tif,/home/dkyselica/ravaen/EMSR271_02FARKADONA/changes/2018-02-28.tif,0.14562821061643835,0.0
EMSR271_02FARKADONA,2048,1024,"['/home/dkyselica/ravaen/EMSR271_02FARKADONA/S2/2017-12-30.tif', '/home/dkyselica/ravaen/EMSR271_02FARKADONA/S2/2018-01-19.tif', '/home/dkyselica/ravaen/EMSR271_02FARKADONA/S2/2018-01-29.tif', '/home/dkyselica/ravaen/EMSR271_02FARKADONA/S2/2018-02-08.tif']",/home/dkyselica/ravaen/EMSR271_02FARKADONA/S2/2018-02-28.tif,/home/dkyselica/ravaen/EMSR271_02FARKADONA/changes/2018-02-28.tif,0.0060466609589041095,0.0
EMSR271_02FARKADONA,2048,1280,"['/home/dkyselica/ravaen/EMSR271_02FARKADONA/S2/2017-12-30.tif', '/home/dkyselica/ravaen/EMSR271_02FARKADONA/S2/2018-01-19.tif', '/home/dkyselica/ravaen/EMSR271_02FARKADONA/S2/2018-01-29.tif', '/home/dkyselica/ravaen/EMSR271_02FARKADONA/S2/2018-02-08.tif']",/home/dkyselica/ravaen/EMSR271_02FARKADONA/S2/2018-02-28.tif,/home/dkyselica/ravaen/EMSR271_02FARKADONA/changes/2018-02-28.tif,0.00024079623287671232,0.0
EMSR271_02FARKADONA,2048,1536,"['/home/dkyselica/ravaen/EMSR271_02FARKADONA/S2/2017-12-30.tif', '/home/dkyselica/ravaen/EMSR271_02FARKADONA/S2/2018-01-19.tif', '/home/dkyselica/ravaen/EMSR271_02FARKADONA/S2/2018-01-29.tif', '/home/dkyselica/ravaen/EMSR271_02FARKADONA/S2/2018-02-08.tif']",/home/dkyselica/ravaen/EMSR271_02FARKADONA/S2/2018-02-28.tif,/home/dkyselica/ravaen/EMSR271_02FARKADONA/changes/2018-02-28.tif,0.08874678938356165,0.0
EMSR271_02FARKADONA,2048,1792,"['/home/dkyselica/ravaen/EMSR271_02FARKADONA/S2/2017-12-30.tif', '/home/dkyselica/ravaen/EMSR271_02FARKADONA/S2/2018-01-19.tif', '/home/dkyselica/ravaen/EMSR271_02FARKADONA/S2/2018-01-29.tif', '/home/dkyselica/ravaen/EMSR271_02FARKADONA/S2/2018-02-08.tif']",/home/dkyselica/ravaen/EMSR271_02FARKADONA/S2/2018-02-28.tif,/home/dkyselica/ravaen/EMSR271_02FARKADONA/changes/2018-02-28.tif,0.060011772260273974,0.0
EMSR271_02FARKADONA,2048,2048,"['/home/dkyselica/ravaen/EMSR271_02FARKADONA/S2/2017-12-30.tif', '/home/dkyselica/ravaen/EMSR271_02FARKADONA/S2/2018-01-19.tif', '/home/dkyselica/ravaen/EMSR271_02FARKADONA/S2/2018-01-29.tif', '/home/dkyselica/ravaen/EMSR271_02FARKADONA/S2/2018-02-08.tif']",/home/dkyselica/ravaen/EMSR271_02FARKADONA/S2/2018-02-28.tif,/home/dkyselica/ravaen/EMSR271_02FARKADONA/changes/2018-02-28.tif,0.05150363869863014,0.0
EMSR271_02FARKADONA,2048,2304,"['/home/dkyselica/ravaen/EMSR271_02FARKADONA/S2/2017-12-30.tif', '/home/dkyselica/ravaen/EMSR271_02FARKADONA/S2/2018-01-19.tif', '/home/dkyselica/ravaen/EMSR271_02FARKADONA/S2/2018-01-29.tif', '/home/dkyselica/ravaen/EMSR271_02FARKADONA/S2/2018-02-08.tif']",/home/dkyselica/ravaen/EMSR271_02FARKADONA/S2/2018-02-28.tif,/home/dkyselica/ravaen/EMSR271_02FARKADONA/changes/2018-02-28.tif,0.06996468321917808,0.0
EMSR271_02FARKADONA,2048,2560,"['/home/dkyselica/ravaen/EMSR271_02FARKADONA/S2/2017-12-30.tif', '/home/dkyselica/ravaen/EMSR271_02FARKADONA/S2/2018-01-19.tif', '/home/dkyselica/ravaen/EMSR271_02FARKADONA/S2/2018-01-29.tif', '/home/dkyselica/ravaen/EMSR271_02FARKADONA/S2/2018-02-08.tif']",/home/dkyselica/ravaen/EMSR271_02FARKADONA/S2/2018-02-28.tif,/home/dkyselica/ravaen/EMSR271_02FARKADONA/changes/2018-02-28.tif,0.001802451333813987,0.0
EMSR324_04LESPIGNAN,0,0,"['/home/dkyselica/ravaen/EMSR324_04LESPIGNAN/S2/2018-09-20.tif', '/home/dkyselica/ravaen/EMSR324_04LESPIGNAN/S2/2018-09-25.tif', '/home/dkyselica/ravaen/EMSR324_04LESPIGNAN/S2/2018-09-30.tif', '/home/dkyselica/ravaen/EMSR324_04LESPIGNAN/S2/2018-10-05.tif']",/home/dkyselica/ravaen/EMSR324_04LESPIGNAN/S2/2018-10-20.tif,/home/dkyselica/ravaen/EMSR324_04LESPIGNAN/changes/2018-10-20.tif,0.17657470703125,0.0
EMSR324_04LESPIGNAN,0,256,"['/home/dkyselica/ravaen/EMSR324_04LESPIGNAN/S2/2018-09-20.tif', '/home/dkyselica/ravaen/EMSR324_04LESPIGNAN/S2/2018-09-25.tif', '/home/dkyselica/ravaen/EMSR324_04LESPIGNAN/S2/2018-09-30.tif', '/home/dkyselica/ravaen/EMSR324_04LESPIGNAN/S2/2018-10-05.tif']",/home/dkyselica/ravaen/EMSR324_04LESPIGNAN/S2/2018-10-20.tif,/home/dkyselica/ravaen/EMSR324_04LESPIGNAN/changes/2018-10-20.tif,0.5440826416015625,0.0
EMSR324_04LESPIGNAN,0,512,"['/home/dkyselica/ravaen/EMSR324_04LESPIGNAN/S2/2018-09-20.tif', '/home/dkyselica/ravaen/EMSR324_04LESPIGNAN/S2/2018-09-25.tif', '/home/dkyselica/ravaen/EMSR324_04LESPIGNAN/S2/2018-09-30.tif', '/home/dkyselica/ravaen/EMSR324_04LESPIGNAN/S2/2018-10-05.tif']",/home/dkyselica/ravaen/EMSR324_04LESPIGNAN/S2/2018-10-20.tif,/home/dkyselica/ravaen/EMSR324_04LESPIGNAN/changes/2018-10-20.tif,0.1246795654296875,0.0
EMSR324_04LESPIGNAN,0,768,"['/home/dkyselica/ravaen/EMSR324_04LESPIGNAN/S2/2018-09-20.tif', '/home/dkyselica/ravaen/EMSR324_04LESPIGNAN/S2/2018-09-25.tif', '/home/dkyselica/ravaen/EMSR324_04LESPIGNAN/S2/2018-09-30.tif', '/home/dkyselica/ravaen/EMSR324_04LESPIGNAN/S2/2018-10-05.tif']",/home/dkyselica/ravaen/EMSR324_04LESPIGNAN/S2/2018-10-20.tif,/home/dkyselica/ravaen/EMSR324_04LESPIGNAN/changes/2018-10-20.tif,0.0,0.0
EMSR324_04LESPIGNAN,0,1024,"['/home/dkyselica/ravaen/EMSR324_04LESPIGNAN/S2/2018-09-20.tif', '/home/dkyselica/ravaen/EMSR324_04LESPIGNAN/S2/2018-09-25.tif', '/home/dkyselica/ravaen/EMSR324_04LESPIGNAN/S2/2018-09-30.tif', '/home/dkyselica/ravaen/EMSR324_04LESPIGNAN/S2/2018-10-05.tif']",/home/dkyselica/ravaen/EMSR324_04LESPIGNAN/S2/2018-10-20.tif,/home/dkyselica/ravaen/EMSR324_04LESPIGNAN/changes/2018-10-20.tif,0.0,0.0
EMSR324_04LESPIGNAN,0,1280,"['/home/dkyselica/ravaen/EMSR324_04LESPIGNAN/S2/2018-09-20.tif', '/home/dkyselica/ravaen/EMSR324_04LESPIGNAN/S2/2018-09-25.tif', '/home/dkyselica/ravaen/EMSR324_04LESPIGNAN/S2/2018-09-30.tif', '/home/dkyselica/ravaen/EMSR324_04LESPIGNAN/S2/2018-10-05.tif']",/home/dkyselica/ravaen/EMSR324_04LESPIGNAN/S2/2018-10-20.tif,/home/dkyselica/ravaen/EMSR324_04LESPIGNAN/changes/2018-10-20.tif,0.0013580322265625,0.0
EMSR324_04LESPIGNAN,0,1536,"['/home/dkyselica/ravaen/EMSR324_04LESPIGNAN/S2/2018-09-20.tif', '/home/dkyselica/ravaen/EMSR324_04LESPIGNAN/S2/2018-09-25.tif', '/home/dkyselica/ravaen/EMSR324_04LESPIGNAN/S2/2018-09-30.tif', '/home/dkyselica/ravaen/EMSR324_04LESPIGNAN/S2/2018-10-05.tif']",/home/dkyselica/ravaen/EMSR324_04LESPIGNAN/S2/2018-10-20.tif,/home/dkyselica/ravaen/EMSR324_04LESPIGNAN/changes/2018-10-20.tif,0.001708984375,0.0
EMSR324_04LESPIGNAN,0,1792,"['/home/dkyselica/ravaen/EMSR324_04LESPIGNAN/S2/2018-09-20.tif', '/home/dkyselica/ravaen/EMSR324_04LESPIGNAN/S2/2018-09-25.tif', '/home/dkyselica/ravaen/EMSR324_04LESPIGNAN/S2/2018-09-30.tif', '/home/dkyselica/ravaen/EMSR324_04LESPIGNAN/S2/2018-10-05.tif']",/home/dkyselica/ravaen/EMSR324_04LESPIGNAN/S2/2018-10-20.tif,/home/dkyselica/ravaen/EMSR324_04LESPIGNAN/changes/2018-10-20.tif,0.00027412280701754384,0.0
EMSR324_04LESPIGNAN,256,0,"['/home/dkyselica/ravaen/EMSR324_04LESPIGNAN/S2/2018-09-20.tif', '/home/dkyselica/ravaen/EMSR324_04LESPIGNAN/S2/2018-09-25.tif', '/home/dkyselica/ravaen/EMSR324_04LESPIGNAN/S2/2018-09-30.tif', '/home/dkyselica/ravaen/EMSR324_04LESPIGNAN/S2/2018-10-05.tif']",/home/dkyselica/ravaen/EMSR324_04LESPIGNAN/S2/2018-10-20.tif,/home/dkyselica/ravaen/EMSR324_04LESPIGNAN/changes/2018-10-20.tif,0.2840576171875,0.0
EMSR324_04LESPIGNAN,256,256,"['/home/dkyselica/ravaen/EMSR324_04LESPIGNAN/S2/2018-09-20.tif', '/home/dkyselica/ravaen/EMSR324_04LESPIGNAN/S2/2018-09-25.tif', '/home/dkyselica/ravaen/EMSR324_04LESPIGNAN/S2/2018-09-30.tif', '/home/dkyselica/ravaen/EMSR324_04LESPIGNAN/S2/2018-10-05.tif']",/home/dkyselica/ravaen/EMSR324_04LESPIGNAN/S2/2018-10-20.tif,/home/dkyselica/ravaen/EMSR324_04LESPIGNAN/changes/2018-10-20.tif,0.6391143798828125,0.0
EMSR324_04LESPIGNAN,256,512,"['/home/dkyselica/ravaen/EMSR324_04LESPIGNAN/S2/2018-09-20.tif', '/home/dkyselica/ravaen/EMSR324_04LESPIGNAN/S2/2018-09-25.tif', '/home/dkyselica/ravaen/EMSR324_04LESPIGNAN/S2/2018-09-30.tif', '/home/dkyselica/ravaen/EMSR324_04LESPIGNAN/S2/2018-10-05.tif']",/home/dkyselica/ravaen/EMSR324_04LESPIGNAN/S2/2018-10-20.tif,/home/dkyselica/ravaen/EMSR324_04LESPIGNAN/changes/2018-10-20.tif,6.103515625e-05,0.0
EMSR324_04LESPIGNAN,256,768,"['/home/dkyselica/ravaen/EMSR324_04LESPIGNAN/S2/2018-09-20.tif', '/home/dkyselica/ravaen/EMSR324_04LESPIGNAN/S2/2018-09-25.tif', '/home/dkyselica/ravaen/EMSR324_04LESPIGNAN/S2/2018-09-30.tif', '/home/dkyselica/ravaen/EMSR324_04LESPIGNAN/S2/2018-10-05.tif']",/home/dkyselica/ravaen/EMSR324_04LESPIGNAN/S2/2018-10-20.tif,/home/dkyselica/ravaen/EMSR324_04LESPIGNAN/changes/2018-10-20.tif,0.0164947509765625,0.0
EMSR324_04LESPIGNAN,256,1024,"['/home/dkyselica/ravaen/EMSR324_04LESPIGNAN/S2/2018-09-20.tif', '/home/dkyselica/ravaen/EMSR324_04LESPIGNAN/S2/2018-09-25.tif', '/home/dkyselica/ravaen/EMSR324_04LESPIGNAN/S2/2018-09-30.tif', '/home/dkyselica/ravaen/EMSR324_04LESPIGNAN/S2/2018-10-05.tif']",/home/dkyselica/ravaen/EMSR324_04LESPIGNAN/S2/2018-10-20.tif,/home/dkyselica/ravaen/EMSR324_04LESPIGNAN/changes/2018-10-20.tif,0.1237640380859375,0.0
EMSR324_04LESPIGNAN,256,1280,"['/home/dkyselica/ravaen/EMSR324_04LESPIGNAN/S2/2018-09-20.tif', '/home/dkyselica/ravaen/EMSR324_04LESPIGNAN/S2/2018-09-25.tif', '/home/dkyselica/ravaen/EMSR324_04LESPIGNAN/S2/2018-09-30.tif', '/home/dkyselica/ravaen/EMSR324_04LESPIGNAN/S2/2018-10-05.tif']",/home/dkyselica/ravaen/EMSR324_04LESPIGNAN/S2/2018-10-20.tif,/home/dkyselica/ravaen/EMSR324_04LESPIGNAN/changes/2018-10-20.tif,0.0018157958984375,0.0
EMSR324_04LESPIGNAN,256,1536,"['/home/dkyselica/ravaen/EMSR324_04LESPIGNAN/S2/2018-09-20.tif', '/home/dkyselica/ravaen/EMSR324_04LESPIGNAN/S2/2018-09-25.tif', '/home/dkyselica/ravaen/EMSR324_04LESPIGNAN/S2/2018-09-30.tif', '/home/dkyselica/ravaen/EMSR324_04LESPIGNAN/S2/2018-10-05.tif']",/home/dkyselica/ravaen/EMSR324_04LESPIGNAN/S2/2018-10-20.tif,/home/dkyselica/ravaen/EMSR324_04LESPIGNAN/changes/2018-10-20.tif,0.000244140625,0.0
EMSR324_04LESPIGNAN,256,1792,"['/home/dkyselica/ravaen/EMSR324_04LESPIGNAN/S2/2018-09-20.tif', '/home/dkyselica/ravaen/EMSR324_04LESPIGNAN/S2/2018-09-25.tif', '/home/dkyselica/ravaen/EMSR324_04LESPIGNAN/S2/2018-09-30.tif', '/home/dkyselica/ravaen/EMSR324_04LESPIGNAN/S2/2018-10-05.tif']",/home/dkyselica/ravaen/EMSR324_04LESPIGNAN/S2/2018-10-20.tif,/home/dkyselica/ravaen/EMSR324_04LESPIGNAN/changes/2018-10-20.tif,0.0,0.0
EMSR324_04LESPIGNAN,512,0,"['/home/dkyselica/ravaen/EMSR324_04LESPIGNAN/S2/2018-09-20.tif', '/home/dkyselica/ravaen/EMSR324_04LESPIGNAN/S2/2018-09-25.tif', '/home/dkyselica/ravaen/EMSR324_04LESPIGNAN/S2/2018-09-30.tif', '/home/dkyselica/ravaen/EMSR324_04LESPIGNAN/S2/2018-10-05.tif']",/home/dkyselica/ravaen/EMSR324_04LESPIGNAN/S2/2018-10-20.tif,/home/dkyselica/ravaen/EMSR324_04LESPIGNAN/changes/2018-10-20.tif,0.0301971435546875,0.0
EMSR324_04LESPIGNAN,512,256,"['/home/dkyselica/ravaen/EMSR324_04LESPIGNAN/S2/2018-09-20.tif', '/home/dkyselica/ravaen/EMSR324_04LESPIGNAN/S2/2018-09-25.tif', '/home/dkyselica/ravaen/EMSR324_04LESPIGNAN/S2/2018-09-30.tif', '/home/dkyselica/ravaen/EMSR324_04LESPIGNAN/S2/2018-10-05.tif']",/home/dkyselica/ravaen/EMSR324_04LESPIGNAN/S2/2018-10-20.tif,/home/dkyselica/ravaen/EMSR324_04LESPIGNAN/changes/2018-10-20.tif,0.2608184814453125,0.0
EMSR324_04LESPIGNAN,512,512,"['/home/dkyselica/ravaen/EMSR324_04LESPIGNAN/S2/2018-09-20.tif', '/home/dkyselica/ravaen/EMSR324_04LESPIGNAN/S2/2018-09-25.tif', '/home/dkyselica/ravaen/EMSR324_04LESPIGNAN/S2/2018-09-30.tif', '/home/dkyselica/ravaen/EMSR324_04LESPIGNAN/S2/2018-10-05.tif']",/home/dkyselica/ravaen/EMSR324_04LESPIGNAN/S2/2018-10-20.tif,/home/dkyselica/ravaen/EMSR324_04LESPIGNAN/changes/2018-10-20.tif,0.0528564453125,0.0
EMSR324_04LESPIGNAN,512,768,"['/home/dkyselica/ravaen/EMSR324_04LESPIGNAN/S2/2018-09-20.tif', '/home/dkyselica/ravaen/EMSR324_04LESPIGNAN/S2/2018-09-25.tif', '/home/dkyselica/ravaen/EMSR324_04LESPIGNAN/S2/2018-09-30.tif', '/home/dkyselica/ravaen/EMSR324_04LESPIGNAN/S2/2018-10-05.tif']",/home/dkyselica/ravaen/EMSR324_04LESPIGNAN/S2/2018-10-20.tif,/home/dkyselica/ravaen/EMSR324_04LESPIGNAN/changes/2018-10-20.tif,0.0311279296875,0.0
EMSR324_04LESPIGNAN,512,1024,"['/home/dkyselica/ravaen/EMSR324_04LESPIGNAN/S2/2018-09-20.tif', '/home/dkyselica/ravaen/EMSR324_04LESPIGNAN/S2/2018-09-25.tif', '/home/dkyselica/ravaen/EMSR324_04LESPIGNAN/S2/2018-09-30.tif', '/home/dkyselica/ravaen/EMSR324_04LESPIGNAN/S2/2018-10-05.tif']",/home/dkyselica/ravaen/EMSR324_04LESPIGNAN/S2/2018-10-20.tif,/home/dkyselica/ravaen/EMSR324_04LESPIGNAN/changes/2018-10-20.tif,0.0919647216796875,0.0
EMSR324_04LESPIGNAN,512,1280,"['/home/dkyselica/ravaen/EMSR324_04LESPIGNAN/S2/2018-09-20.tif', '/home/dkyselica/ravaen/EMSR324_04LESPIGNAN/S2/2018-09-25.tif', '/home/dkyselica/ravaen/EMSR324_04LESPIGNAN/S2/2018-09-30.tif', '/home/dkyselica/ravaen/EMSR324_04LESPIGNAN/S2/2018-10-05.tif']",/home/dkyselica/ravaen/EMSR324_04LESPIGNAN/S2/2018-10-20.tif,/home/dkyselica/ravaen/EMSR324_04LESPIGNAN/changes/2018-10-20.tif,0.0226898193359375,0.0
EMSR324_04LESPIGNAN,512,1536,"['/home/dkyselica/ravaen/EMSR324_04LESPIGNAN/S2/2018-09-20.tif', '/home/dkyselica/ravaen/EMSR324_04LESPIGNAN/S2/2018-09-25.tif', '/home/dkyselica/ravaen/EMSR324_04LESPIGNAN/S2/2018-09-30.tif', '/home/dkyselica/ravaen/EMSR324_04LESPIGNAN/S2/2018-10-05.tif']",/home/dkyselica/ravaen/EMSR324_04LESPIGNAN/S2/2018-10-20.tif,/home/dkyselica/ravaen/EMSR324_04LESPIGNAN/changes/2018-10-20.tif,0.060516357421875,0.0
EMSR324_04LESPIGNAN,512,1792,"['/home/dkyselica/ravaen/EMSR324_04LESPIGNAN/S2/2018-09-20.tif', '/home/dkyselica/ravaen/EMSR324_04LESPIGNAN/S2/2018-09-25.tif', '/home/dkyselica/ravaen/EMSR324_04LESPIGNAN/S2/2018-09-30.tif', '/home/dkyselica/ravaen/EMSR324_04LESPIGNAN/S2/2018-10-05.tif']",/home/dkyselica/ravaen/EMSR324_04LESPIGNAN/S2/2018-10-20.tif,/home/dkyselica/ravaen/EMSR324_04LESPIGNAN/changes/2018-10-20.tif,0.02139871162280702,0.0
EMSR324_04LESPIGNAN,768,0,"['/home/dkyselica/ravaen/EMSR324_04LESPIGNAN/S2/2018-09-20.tif', '/home/dkyselica/ravaen/EMSR324_04LESPIGNAN/S2/2018-09-25.tif', '/home/dkyselica/ravaen/EMSR324_04LESPIGNAN/S2/2018-09-30.tif', '/home/dkyselica/ravaen/EMSR324_04LESPIGNAN/S2/2018-10-05.tif']",/home/dkyselica/ravaen/EMSR324_04LESPIGNAN/S2/2018-10-20.tif,/home/dkyselica/ravaen/EMSR324_04LESPIGNAN/changes/2018-10-20.tif,0.001739501953125,0.0
EMSR324_04LESPIGNAN,768,256,"['/home/dkyselica/ravaen/EMSR324_04LESPIGNAN/S2/2018-09-20.tif', '/home/dkyselica/ravaen/EMSR324_04LESPIGNAN/S2/2018-09-25.tif', '/home/dkyselica/ravaen/EMSR324_04LESPIGNAN/S2/2018-09-30.tif', '/home/dkyselica/ravaen/EMSR324_04LESPIGNAN/S2/2018-10-05.tif']",/home/dkyselica/ravaen/EMSR324_04LESPIGNAN/S2/2018-10-20.tif,/home/dkyselica/ravaen/EMSR324_04LESPIGNAN/changes/2018-10-20.tif,0.0120391845703125,0.0
EMSR324_04LESPIGNAN,768,512,"['/home/dkyselica/ravaen/EMSR324_04LESPIGNAN/S2/2018-09-20.tif', '/home/dkyselica/ravaen/EMSR324_04LESPIGNAN/S2/2018-09-25.tif', '/home/dkyselica/ravaen/EMSR324_04LESPIGNAN/S2/2018-09-30.tif', '/home/dkyselica/ravaen/EMSR324_04LESPIGNAN/S2/2018-10-05.tif']",/home/dkyselica/ravaen/EMSR324_04LESPIGNAN/S2/2018-10-20.tif,/home/dkyselica/ravaen/EMSR324_04LESPIGNAN/changes/2018-10-20.tif,0.001190185546875,0.0
EMSR324_04LESPIGNAN,768,768,"['/home/dkyselica/ravaen/EMSR324_04LESPIGNAN/S2/2018-09-20.tif', '/home/dkyselica/ravaen/EMSR324_04LESPIGNAN/S2/2018-09-25.tif', '/home/dkyselica/ravaen/EMSR324_04LESPIGNAN/S2/2018-09-30.tif', '/home/dkyselica/ravaen/EMSR324_04LESPIGNAN/S2/2018-10-05.tif']",/home/dkyselica/ravaen/EMSR324_04LESPIGNAN/S2/2018-10-20.tif,/home/dkyselica/ravaen/EMSR324_04LESPIGNAN/changes/2018-10-20.tif,0.0,0.0
EMSR324_04LESPIGNAN,768,1024,"['/home/dkyselica/ravaen/EMSR324_04LESPIGNAN/S2/2018-09-20.tif', '/home/dkyselica/ravaen/EMSR324_04LESPIGNAN/S2/2018-09-25.tif', '/home/dkyselica/ravaen/EMSR324_04LESPIGNAN/S2/2018-09-30.tif', '/home/dkyselica/ravaen/EMSR324_04LESPIGNAN/S2/2018-10-05.tif']",/home/dkyselica/ravaen/EMSR324_04LESPIGNAN/S2/2018-10-20.tif,/home/dkyselica/ravaen/EMSR324_04LESPIGNAN/changes/2018-10-20.tif,0.00030517578125,0.0
EMSR324_04LESPIGNAN,768,1280,"['/home/dkyselica/ravaen/EMSR324_04LESPIGNAN/S2/2018-09-20.tif', '/home/dkyselica/ravaen/EMSR324_04LESPIGNAN/S2/2018-09-25.tif', '/home/dkyselica/ravaen/EMSR324_04LESPIGNAN/S2/2018-09-30.tif', '/home/dkyselica/ravaen/EMSR324_04LESPIGNAN/S2/2018-10-05.tif']",/home/dkyselica/ravaen/EMSR324_04LESPIGNAN/S2/2018-10-20.tif,/home/dkyselica/ravaen/EMSR324_04LESPIGNAN/changes/2018-10-20.tif,0.0178680419921875,0.0
EMSR324_04LESPIGNAN,768,1536,"['/home/dkyselica/ravaen/EMSR324_04LESPIGNAN/S2/2018-09-20.tif', '/home/dkyselica/ravaen/EMSR324_04LESPIGNAN/S2/2018-09-25.tif', '/home/dkyselica/ravaen/EMSR324_04LESPIGNAN/S2/2018-09-30.tif', '/home/dkyselica/ravaen/EMSR324_04LESPIGNAN/S2/2018-10-05.tif']",/home/dkyselica/ravaen/EMSR324_04LESPIGNAN/S2/2018-10-20.tif,/home/dkyselica/ravaen/EMSR324_04LESPIGNAN/changes/2018-10-20.tif,0.0824432373046875,0.0
EMSR324_04LESPIGNAN,768,1792,"['/home/dkyselica/ravaen/EMSR324_04LESPIGNAN/S2/2018-09-20.tif', '/home/dkyselica/ravaen/EMSR324_04LESPIGNAN/S2/2018-09-25.tif', '/home/dkyselica/ravaen/EMSR324_04LESPIGNAN/S2/2018-09-30.tif', '/home/dkyselica/ravaen/EMSR324_04LESPIGNAN/S2/2018-10-05.tif']",/home/dkyselica/ravaen/EMSR324_04LESPIGNAN/S2/2018-10-20.tif,/home/dkyselica/ravaen/EMSR324_04LESPIGNAN/changes/2018-10-20.tif,0.019222861842105265,0.0
EMSR324_04LESPIGNAN,1024,0,"['/home/dkyselica/ravaen/EMSR324_04LESPIGNAN/S2/2018-09-20.tif', '/home/dkyselica/ravaen/EMSR324_04LESPIGNAN/S2/2018-09-25.tif', '/home/dkyselica/ravaen/EMSR324_04LESPIGNAN/S2/2018-09-30.tif', '/home/dkyselica/ravaen/EMSR324_04LESPIGNAN/S2/2018-10-05.tif']",/home/dkyselica/ravaen/EMSR324_04LESPIGNAN/S2/2018-10-20.tif,/home/dkyselica/ravaen/EMSR324_04LESPIGNAN/changes/2018-10-20.tif,0.0818939208984375,0.0
EMSR324_04LESPIGNAN,1024,256,"['/home/dkyselica/ravaen/EMSR324_04LESPIGNAN/S2/2018-09-20.tif', '/home/dkyselica/ravaen/EMSR324_04LESPIGNAN/S2/2018-09-25.tif', '/home/dkyselica/ravaen/EMSR324_04LESPIGNAN/S2/2018-09-30.tif', '/home/dkyselica/ravaen/EMSR324_04LESPIGNAN/S2/2018-10-05.tif']",/home/dkyselica/ravaen/EMSR324_04LESPIGNAN/S2/2018-10-20.tif,/home/dkyselica/ravaen/EMSR324_04LESPIGNAN/changes/2018-10-20.tif,0.0736083984375,0.0
EMSR324_04LESPIGNAN,1024,512,"['/home/dkyselica/ravaen/EMSR324_04LESPIGNAN/S2/2018-09-20.tif', '/home/dkyselica/ravaen/EMSR324_04LESPIGNAN/S2/2018-09-25.tif', '/home/dkyselica/ravaen/EMSR324_04LESPIGNAN/S2/2018-09-30.tif', '/home/dkyselica/ravaen/EMSR324_04LESPIGNAN/S2/2018-10-05.tif']",/home/dkyselica/ravaen/EMSR324_04LESPIGNAN/S2/2018-10-20.tif,/home/dkyselica/ravaen/EMSR324_04LESPIGNAN/changes/2018-10-20.tif,0.0,0.0
EMSR324_04LESPIGNAN,1024,768,"['/home/dkyselica/ravaen/EMSR324_04LESPIGNAN/S2/2018-09-20.tif', '/home/dkyselica/ravaen/EMSR324_04LESPIGNAN/S2/2018-09-25.tif', '/home/dkyselica/ravaen/EMSR324_04LESPIGNAN/S2/2018-09-30.tif', '/home/dkyselica/ravaen/EMSR324_04LESPIGNAN/S2/2018-10-05.tif']",/home/dkyselica/ravaen/EMSR324_04LESPIGNAN/S2/2018-10-20.tif,/home/dkyselica/ravaen/EMSR324_04LESPIGNAN/changes/2018-10-20.tif,0.0,0.0
EMSR324_04LESPIGNAN,1024,1024,"['/home/dkyselica/ravaen/EMSR324_04LESPIGNAN/S2/2018-09-20.tif', '/home/dkyselica/ravaen/EMSR324_04LESPIGNAN/S2/2018-09-25.tif', '/home/dkyselica/ravaen/EMSR324_04LESPIGNAN/S2/2018-09-30.tif', '/home/dkyselica/ravaen/EMSR324_04LESPIGNAN/S2/2018-10-05.tif']",/home/dkyselica/ravaen/EMSR324_04LESPIGNAN/S2/2018-10-20.tif,/home/dkyselica/ravaen/EMSR324_04LESPIGNAN/changes/2018-10-20.tif,0.0,0.0
EMSR324_04LESPIGNAN,1024,1280,"['/home/dkyselica/ravaen/EMSR324_04LESPIGNAN/S2/2018-09-20.tif', '/home/dkyselica/ravaen/EMSR324_04LESPIGNAN/S2/2018-09-25.tif', '/home/dkyselica/ravaen/EMSR324_04LESPIGNAN/S2/2018-09-30.tif', '/home/dkyselica/ravaen/EMSR324_04LESPIGNAN/S2/2018-10-05.tif']",/home/dkyselica/ravaen/EMSR324_04LESPIGNAN/S2/2018-10-20.tif,/home/dkyselica/ravaen/EMSR324_04LESPIGNAN/changes/2018-10-20.tif,0.079193115234375,0.0
EMSR324_04LESPIGNAN,1024,1536,"['/home/dkyselica/ravaen/EMSR324_04LESPIGNAN/S2/2018-09-20.tif', '/home/dkyselica/ravaen/EMSR324_04LESPIGNAN/S2/2018-09-25.tif', '/home/dkyselica/ravaen/EMSR324_04LESPIGNAN/S2/2018-09-30.tif', '/home/dkyselica/ravaen/EMSR324_04LESPIGNAN/S2/2018-10-05.tif']",/home/dkyselica/ravaen/EMSR324_04LESPIGNAN/S2/2018-10-20.tif,/home/dkyselica/ravaen/EMSR324_04LESPIGNAN/changes/2018-10-20.tif,0.215972900390625,0.0
EMSR324_04LESPIGNAN,1024,1792,"['/home/dkyselica/ravaen/EMSR324_04LESPIGNAN/S2/2018-09-20.tif', '/home/dkyselica/ravaen/EMSR324_04LESPIGNAN/S2/2018-09-25.tif', '/home/dkyselica/ravaen/EMSR324_04LESPIGNAN/S2/2018-09-30.tif', '/home/dkyselica/ravaen/EMSR324_04LESPIGNAN/S2/2018-10-05.tif']",/home/dkyselica/ravaen/EMSR324_04LESPIGNAN/S2/2018-10-20.tif,/home/dkyselica/ravaen/EMSR324_04LESPIGNAN/changes/2018-10-20.tif,0.00041118421052631577,0.0
EMSR324_04LESPIGNAN,1280,0,"['/home/dkyselica/ravaen/EMSR324_04LESPIGNAN/S2/2018-09-20.tif', '/home/dkyselica/ravaen/EMSR324_04LESPIGNAN/S2/2018-09-25.tif', '/home/dkyselica/ravaen/EMSR324_04LESPIGNAN/S2/2018-09-30.tif', '/home/dkyselica/ravaen/EMSR324_04LESPIGNAN/S2/2018-10-05.tif']",/home/dkyselica/ravaen/EMSR324_04LESPIGNAN/S2/2018-10-20.tif,/home/dkyselica/ravaen/EMSR324_04LESPIGNAN/changes/2018-10-20.tif,0.0832366943359375,0.0
EMSR324_04LESPIGNAN,1280,256,"['/home/dkyselica/ravaen/EMSR324_04LESPIGNAN/S2/2018-09-20.tif', '/home/dkyselica/ravaen/EMSR324_04LESPIGNAN/S2/2018-09-25.tif', '/home/dkyselica/ravaen/EMSR324_04LESPIGNAN/S2/2018-09-30.tif', '/home/dkyselica/ravaen/EMSR324_04LESPIGNAN/S2/2018-10-05.tif']",/home/dkyselica/ravaen/EMSR324_04LESPIGNAN/S2/2018-10-20.tif,/home/dkyselica/ravaen/EMSR324_04LESPIGNAN/changes/2018-10-20.tif,0.163665771484375,0.0
EMSR324_04LESPIGNAN,1280,512,"['/home/dkyselica/ravaen/EMSR324_04LESPIGNAN/S2/2018-09-20.tif', '/home/dkyselica/ravaen/EMSR324_04LESPIGNAN/S2/2018-09-25.tif', '/home/dkyselica/ravaen/EMSR324_04LESPIGNAN/S2/2018-09-30.tif', '/home/dkyselica/ravaen/EMSR324_04LESPIGNAN/S2/2018-10-05.tif']",/home/dkyselica/ravaen/EMSR324_04LESPIGNAN/S2/2018-10-20.tif,/home/dkyselica/ravaen/EMSR324_04LESPIGNAN/changes/2018-10-20.tif,0.0,0.0
EMSR324_04LESPIGNAN,1280,768,"['/home/dkyselica/ravaen/EMSR324_04LESPIGNAN/S2/2018-09-20.tif', '/home/dkyselica/ravaen/EMSR324_04LESPIGNAN/S2/2018-09-25.tif', '/home/dkyselica/ravaen/EMSR324_04LESPIGNAN/S2/2018-09-30.tif', '/home/dkyselica/ravaen/EMSR324_04LESPIGNAN/S2/2018-10-05.tif']",/home/dkyselica/ravaen/EMSR324_04LESPIGNAN/S2/2018-10-20.tif,/home/dkyselica/ravaen/EMSR324_04LESPIGNAN/changes/2018-10-20.tif,0.0,0.0
EMSR324_04LESPIGNAN,1280,1024,"['/home/dkyselica/ravaen/EMSR324_04LESPIGNAN/S2/2018-09-20.tif', '/home/dkyselica/ravaen/EMSR324_04LESPIGNAN/S2/2018-09-25.tif', '/home/dkyselica/ravaen/EMSR324_04LESPIGNAN/S2/2018-09-30.tif', '/home/dkyselica/ravaen/EMSR324_04LESPIGNAN/S2/2018-10-05.tif']",/home/dkyselica/ravaen/EMSR324_04LESPIGNAN/S2/2018-10-20.tif,/home/dkyselica/ravaen/EMSR324_04LESPIGNAN/changes/2018-10-20.tif,0.0,0.0
EMSR324_04LESPIGNAN,1280,1280,"['/home/dkyselica/ravaen/EMSR324_04LESPIGNAN/S2/2018-09-20.tif', '/home/dkyselica/ravaen/EMSR324_04LESPIGNAN/S2/2018-09-25.tif', '/home/dkyselica/ravaen/EMSR324_04LESPIGNAN/S2/2018-09-30.tif', '/home/dkyselica/ravaen/EMSR324_04LESPIGNAN/S2/2018-10-05.tif']",/home/dkyselica/ravaen/EMSR324_04LESPIGNAN/S2/2018-10-20.tif,/home/dkyselica/ravaen/EMSR324_04LESPIGNAN/changes/2018-10-20.tif,0.0154266357421875,0.0
EMSR324_04LESPIGNAN,1280,1536,"['/home/dkyselica/ravaen/EMSR324_04LESPIGNAN/S2/2018-09-20.tif', '/home/dkyselica/ravaen/EMSR324_04LESPIGNAN/S2/2018-09-25.tif', '/home/dkyselica/ravaen/EMSR324_04LESPIGNAN/S2/2018-09-30.tif', '/home/dkyselica/ravaen/EMSR324_04LESPIGNAN/S2/2018-10-05.tif']",/home/dkyselica/ravaen/EMSR324_04LESPIGNAN/S2/2018-10-20.tif,/home/dkyselica/ravaen/EMSR324_04LESPIGNAN/changes/2018-10-20.tif,0.076141357421875,0.0
EMSR324_04LESPIGNAN,1280,1792,"['/home/dkyselica/ravaen/EMSR324_04LESPIGNAN/S2/2018-09-20.tif', '/home/dkyselica/ravaen/EMSR324_04LESPIGNAN/S2/2018-09-25.tif', '/home/dkyselica/ravaen/EMSR324_04LESPIGNAN/S2/2018-09-30.tif', '/home/dkyselica/ravaen/EMSR324_04LESPIGNAN/S2/2018-10-05.tif']",/home/dkyselica/ravaen/EMSR324_04LESPIGNAN/S2/2018-10-20.tif,/home/dkyselica/ravaen/EMSR324_04LESPIGNAN/changes/2018-10-20.tif,0.0,0.0
EMSR324_04LESPIGNAN,1536,0,"['/home/dkyselica/ravaen/EMSR324_04LESPIGNAN/S2/2018-09-20.tif', '/home/dkyselica/ravaen/EMSR324_04LESPIGNAN/S2/2018-09-25.tif', '/home/dkyselica/ravaen/EMSR324_04LESPIGNAN/S2/2018-09-30.tif', '/home/dkyselica/ravaen/EMSR324_04LESPIGNAN/S2/2018-10-05.tif']",/home/dkyselica/ravaen/EMSR324_04LESPIGNAN/S2/2018-10-20.tif,/home/dkyselica/ravaen/EMSR324_04LESPIGNAN/changes/2018-10-20.tif,0.0442962646484375,0.0
EMSR324_04LESPIGNAN,1536,256,"['/home/dkyselica/ravaen/EMSR324_04LESPIGNAN/S2/2018-09-20.tif', '/home/dkyselica/ravaen/EMSR324_04LESPIGNAN/S2/2018-09-25.tif', '/home/dkyselica/ravaen/EMSR324_04LESPIGNAN/S2/2018-09-30.tif', '/home/dkyselica/ravaen/EMSR324_04LESPIGNAN/S2/2018-10-05.tif']",/home/dkyselica/ravaen/EMSR324_04LESPIGNAN/S2/2018-10-20.tif,/home/dkyselica/ravaen/EMSR324_04LESPIGNAN/changes/2018-10-20.tif,0.1899566650390625,0.0
EMSR324_04LESPIGNAN,1536,512,"['/home/dkyselica/ravaen/EMSR324_04LESPIGNAN/S2/2018-09-20.tif', '/home/dkyselica/ravaen/EMSR324_04LESPIGNAN/S2/2018-09-25.tif', '/home/dkyselica/ravaen/EMSR324_04LESPIGNAN/S2/2018-09-30.tif', '/home/dkyselica/ravaen/EMSR324_04LESPIGNAN/S2/2018-10-05.tif']",/home/dkyselica/ravaen/EMSR324_04LESPIGNAN/S2/2018-10-20.tif,/home/dkyselica/ravaen/EMSR324_04LESPIGNAN/changes/2018-10-20.tif,0.0,0.0
EMSR324_04LESPIGNAN,1536,768,"['/home/dkyselica/ravaen/EMSR324_04LESPIGNAN/S2/2018-09-20.tif', '/home/dkyselica/ravaen/EMSR324_04LESPIGNAN/S2/2018-09-25.tif', '/home/dkyselica/ravaen/EMSR324_04LESPIGNAN/S2/2018-09-30.tif', '/home/dkyselica/ravaen/EMSR324_04LESPIGNAN/S2/2018-10-05.tif']",/home/dkyselica/ravaen/EMSR324_04LESPIGNAN/S2/2018-10-20.tif,/home/dkyselica/ravaen/EMSR324_04LESPIGNAN/changes/2018-10-20.tif,0.0,0.0
EMSR324_04LESPIGNAN,1536,1024,"['/home/dkyselica/ravaen/EMSR324_04LESPIGNAN/S2/2018-09-20.tif', '/home/dkyselica/ravaen/EMSR324_04LESPIGNAN/S2/2018-09-25.tif', '/home/dkyselica/ravaen/EMSR324_04LESPIGNAN/S2/2018-09-30.tif', '/home/dkyselica/ravaen/EMSR324_04LESPIGNAN/S2/2018-10-05.tif']",/home/dkyselica/ravaen/EMSR324_04LESPIGNAN/S2/2018-10-20.tif,/home/dkyselica/ravaen/EMSR324_04LESPIGNAN/changes/2018-10-20.tif,0.0010833740234375,0.0
EMSR324_04LESPIGNAN,1536,1280,"['/home/dkyselica/ravaen/EMSR324_04LESPIGNAN/S2/2018-09-20.tif', '/home/dkyselica/ravaen/EMSR324_04LESPIGNAN/S2/2018-09-25.tif', '/home/dkyselica/ravaen/EMSR324_04LESPIGNAN/S2/2018-09-30.tif', '/home/dkyselica/ravaen/EMSR324_04LESPIGNAN/S2/2018-10-05.tif']",/home/dkyselica/ravaen/EMSR324_04LESPIGNAN/S2/2018-10-20.tif,/home/dkyselica/ravaen/EMSR324_04LESPIGNAN/changes/2018-10-20.tif,0.006103515625,0.0
EMSR324_04LESPIGNAN,1536,1536,"['/home/dkyselica/ravaen/EMSR324_04LESPIGNAN/S2/2018-09-20.tif', '/home/dkyselica/ravaen/EMSR324_04LESPIGNAN/S2/2018-09-25.tif', '/home/dkyselica/ravaen/EMSR324_04LESPIGNAN/S2/2018-09-30.tif', '/home/dkyselica/ravaen/EMSR324_04LESPIGNAN/S2/2018-10-05.tif']",/home/dkyselica/ravaen/EMSR324_04LESPIGNAN/S2/2018-10-20.tif,/home/dkyselica/ravaen/EMSR324_04LESPIGNAN/changes/2018-10-20.tif,0.0,0.0
EMSR324_04LESPIGNAN,1536,1792,"['/home/dkyselica/ravaen/EMSR324_04LESPIGNAN/S2/2018-09-20.tif', '/home/dkyselica/ravaen/EMSR324_04LESPIGNAN/S2/2018-09-25.tif', '/home/dkyselica/ravaen/EMSR324_04LESPIGNAN/S2/2018-09-30.tif', '/home/dkyselica/ravaen/EMSR324_04LESPIGNAN/S2/2018-10-05.tif']",/home/dkyselica/ravaen/EMSR324_04LESPIGNAN/S2/2018-10-20.tif,/home/dkyselica/ravaen/EMSR324_04LESPIGNAN/changes/2018-10-20.tif,0.0,0.0
EMSR324_04LESPIGNAN,1792,0,"['/home/dkyselica/ravaen/EMSR324_04LESPIGNAN/S2/2018-09-20.tif', '/home/dkyselica/ravaen/EMSR324_04LESPIGNAN/S2/2018-09-25.tif', '/home/dkyselica/ravaen/EMSR324_04LESPIGNAN/S2/2018-09-30.tif', '/home/dkyselica/ravaen/EMSR324_04LESPIGNAN/S2/2018-10-05.tif']",/home/dkyselica/ravaen/EMSR324_04LESPIGNAN/S2/2018-10-20.tif,/home/dkyselica/ravaen/EMSR324_04LESPIGNAN/changes/2018-10-20.tif,0.15730315563725492,0.0
EMSR324_04LESPIGNAN,1792,256,"['/home/dkyselica/ravaen/EMSR324_04LESPIGNAN/S2/2018-09-20.tif', '/home/dkyselica/ravaen/EMSR324_04LESPIGNAN/S2/2018-09-25.tif', '/home/dkyselica/ravaen/EMSR324_04LESPIGNAN/S2/2018-09-30.tif', '/home/dkyselica/ravaen/EMSR324_04LESPIGNAN/S2/2018-10-05.tif']",/home/dkyselica/ravaen/EMSR324_04LESPIGNAN/S2/2018-10-20.tif,/home/dkyselica/ravaen/EMSR324_04LESPIGNAN/changes/2018-10-20.tif,0.2024548100490196,0.0
EMSR324_04LESPIGNAN,1792,512,"['/home/dkyselica/ravaen/EMSR324_04LESPIGNAN/S2/2018-09-20.tif', '/home/dkyselica/ravaen/EMSR324_04LESPIGNAN/S2/2018-09-25.tif', '/home/dkyselica/ravaen/EMSR324_04LESPIGNAN/S2/2018-09-30.tif', '/home/dkyselica/ravaen/EMSR324_04LESPIGNAN/S2/2018-10-05.tif']",/home/dkyselica/ravaen/EMSR324_04LESPIGNAN/S2/2018-10-20.tif,/home/dkyselica/ravaen/EMSR324_04LESPIGNAN/changes/2018-10-20.tif,0.0013595281862745097,0.0
EMSR324_04LESPIGNAN,1792,768,"['/home/dkyselica/ravaen/EMSR324_04LESPIGNAN/S2/2018-09-20.tif', '/home/dkyselica/ravaen/EMSR324_04LESPIGNAN/S2/2018-09-25.tif', '/home/dkyselica/ravaen/EMSR324_04LESPIGNAN/S2/2018-09-30.tif', '/home/dkyselica/ravaen/EMSR324_04LESPIGNAN/S2/2018-10-05.tif']",/home/dkyselica/ravaen/EMSR324_04LESPIGNAN/S2/2018-10-20.tif,/home/dkyselica/ravaen/EMSR324_04LESPIGNAN/changes/2018-10-20.tif,0.0,0.0
EMSR324_04LESPIGNAN,1792,1024,"['/home/dkyselica/ravaen/EMSR324_04LESPIGNAN/S2/2018-09-20.tif', '/home/dkyselica/ravaen/EMSR324_04LESPIGNAN/S2/2018-09-25.tif', '/home/dkyselica/ravaen/EMSR324_04LESPIGNAN/S2/2018-09-30.tif', '/home/dkyselica/ravaen/EMSR324_04LESPIGNAN/S2/2018-10-05.tif']",/home/dkyselica/ravaen/EMSR324_04LESPIGNAN/S2/2018-10-20.tif,/home/dkyselica/ravaen/EMSR324_04LESPIGNAN/changes/2018-10-20.tif,0.015433517156862746,0.0
EMSR324_04LESPIGNAN,1792,1280,"['/home/dkyselica/ravaen/EMSR324_04LESPIGNAN/S2/2018-09-20.tif', '/home/dkyselica/ravaen/EMSR324_04LESPIGNAN/S2/2018-09-25.tif', '/home/dkyselica/ravaen/EMSR324_04LESPIGNAN/S2/2018-09-30.tif', '/home/dkyselica/ravaen/EMSR324_04LESPIGNAN/S2/2018-10-05.tif']",/home/dkyselica/ravaen/EMSR324_04LESPIGNAN/S2/2018-10-20.tif,/home/dkyselica/ravaen/EMSR324_04LESPIGNAN/changes/2018-10-20.tif,0.0,0.0
EMSR324_04LESPIGNAN,1792,1536,"['/home/dkyselica/ravaen/EMSR324_04LESPIGNAN/S2/2018-09-20.tif', '/home/dkyselica/ravaen/EMSR324_04LESPIGNAN/S2/2018-09-25.tif', '/home/dkyselica/ravaen/EMSR324_04LESPIGNAN/S2/2018-09-30.tif', '/home/dkyselica/ravaen/EMSR324_04LESPIGNAN/S2/2018-10-05.tif']",/home/dkyselica/ravaen/EMSR324_04LESPIGNAN/S2/2018-10-20.tif,/home/dkyselica/ravaen/EMSR324_04LESPIGNAN/changes/2018-10-20.tif,0.0,0.0
EMSR324_04LESPIGNAN,1792,1792,"['/home/dkyselica/ravaen/EMSR324_04LESPIGNAN/S2/2018-09-20.tif', '/home/dkyselica/ravaen/EMSR324_04LESPIGNAN/S2/2018-09-25.tif', '/home/dkyselica/ravaen/EMSR324_04LESPIGNAN/S2/2018-09-30.tif', '/home/dkyselica/ravaen/EMSR324_04LESPIGNAN/S2/2018-10-05.tif']",/home/dkyselica/ravaen/EMSR324_04LESPIGNAN/S2/2018-10-20.tif,/home/dkyselica/ravaen/EMSR324_04LESPIGNAN/changes/2018-10-20.tif,0.0,0.0
